/***********************************
 * Database and read-user creation 
 **********************************/

DROP DATABASE IF EXISTS medspace; 
CREATE DATABASE IF NOT EXISTS medspace;

DROP USER IF EXISTS medspace_client@'%';
CREATE USER IF NOT EXISTS medspace_client@'%' IDENTIFIED BY 'k4N!rT';
GRANT SELECT ON medspace.* TO medspace_client@'%';

/*************************************
 *	Database Initialization
 ************************************/

USE medspace;


-- MySQL dump 10.13  Distrib 5.7.21, for Win64 (x86_64)
--
-- Host: localhost    Database: medspace
-- ------------------------------------------------------
-- Server version	5.7.21

/*!40101 SET @OLD_CHARACTER_SET_CLIENT=@@CHARACTER_SET_CLIENT */;
/*!40101 SET @OLD_CHARACTER_SET_RESULTS=@@CHARACTER_SET_RESULTS */;
/*!40101 SET @OLD_COLLATION_CONNECTION=@@COLLATION_CONNECTION */;
/*!40101 SET NAMES utf8mb4 */;
/*!40103 SET @OLD_TIME_ZONE=@@TIME_ZONE */;
/*!40103 SET TIME_ZONE='+00:00' */;
/*!40014 SET @OLD_UNIQUE_CHECKS=@@UNIQUE_CHECKS, UNIQUE_CHECKS=0 */;
/*!40014 SET @OLD_FOREIGN_KEY_CHECKS=@@FOREIGN_KEY_CHECKS, FOREIGN_KEY_CHECKS=0 */;
/*!40101 SET @OLD_SQL_MODE=@@SQL_MODE, SQL_MODE='NO_AUTO_VALUE_ON_ZERO' */;
/*!40111 SET @OLD_SQL_NOTES=@@SQL_NOTES, SQL_NOTES=0 */;

--
-- Table structure for table `adenocarcinoma`
--

DROP TABLE IF EXISTS `adenocarcinoma`;
/*!40101 SET @saved_cs_client     = @@character_set_client */;
/*!40101 SET character_set_client = utf8 */;
CREATE TABLE `adenocarcinoma` (
  `id` int(11) NOT NULL,
  `patient` int(11) DEFAULT NULL,
  `metastasestype` varchar(32) COLLATE utf8mb4_unicode_ci DEFAULT NULL,
  `SBR_grading` int(11) DEFAULT NULL,
  `resection_margin` int(11) DEFAULT NULL,
  `number_of_removed_lymphnodes` int(11) DEFAULT NULL,
  PRIMARY KEY (`id`),
  UNIQUE KEY `id` (`id`)
) ENGINE=InnoDB DEFAULT CHARSET=utf8mb4 COLLATE=utf8mb4_unicode_ci;
/*!40101 SET character_set_client = @saved_cs_client */;

--
-- Dumping data for table `adenocarcinoma`
--

LOCK TABLES `adenocarcinoma` WRITE;
/*!40000 ALTER TABLE `adenocarcinoma` DISABLE KEYS */;
INSERT INTO `adenocarcinoma` VALUES (2,2,'Local',2,15,98),(5,5,'Faraway',1,36,91),(9,9,'Regional',3,92,58),(13,13,'Regional',1,95,76),(18,18,'Faraway',1,4,81),(21,21,'Regional',1,92,19),(26,26,'Local',1,9,16),(29,29,'Faraway',2,19,55),(34,34,'Faraway',1,52,90),(37,37,'Local',2,36,96),(42,42,'Regional',3,32,69),(46,46,'Local',1,28,31),(49,49,'Local',2,59,87),(53,53,'Local',2,28,31),(57,57,'Faraway',1,39,32),(62,62,'Faraway',2,87,91),(65,65,'Faraway',3,13,80),(69,69,'Faraway',1,5,69),(73,73,'Faraway',1,28,13),(78,78,'Faraway',1,43,3),(81,81,'Local',3,39,41),(85,85,'Regional',3,91,26),(90,90,'Local',2,58,46),(94,94,'Local',1,61,20),(98,98,'Regional',1,96,0),(102,102,'Regional',3,22,48),(105,105,'Local',1,73,17),(110,110,'Local',1,5,77),(113,113,'Local',1,82,73),(118,118,'Faraway',2,39,85),(122,122,'Local',3,47,59),(126,126,'Local',2,5,93),(129,129,'Faraway',3,91,86),(133,133,'Local',2,3,95),(137,137,'Faraway',2,18,48),(142,142,'Regional',3,79,47),(145,145,'Faraway',2,76,9),(149,149,'Faraway',1,70,56),(154,154,'Local',2,45,61),(158,158,'Regional',1,35,79),(161,161,'Faraway',1,72,92),(166,166,'Regional',1,94,15),(170,170,'Faraway',1,51,41),(174,174,'Faraway',1,16,57),(178,178,'Regional',1,16,30),(181,181,'Local',2,83,35),(186,186,'Local',3,91,21),(190,190,'Faraway',1,52,67),(194,194,'Regional',3,29,6),(197,197,'Faraway',1,88,93),(202,202,'Local',3,7,55),(206,206,'Local',1,36,75),(210,210,'Local',3,96,69),(214,214,'Faraway',2,50,68),(218,218,'Faraway',3,0,10),(221,221,'Local',3,6,8),(226,226,'Regional',3,14,4),(229,229,'Faraway',3,65,72),(234,234,'Regional',1,97,59),(238,238,'Regional',3,60,1),(241,241,'Faraway',1,24,19),(246,246,'Local',2,23,85),(249,249,'Regional',2,45,45),(254,254,'Faraway',2,74,72),(257,257,'Faraway',3,21,29),(262,262,'Regional',3,56,31),(265,265,'Regional',2,70,38),(270,270,'Faraway',3,54,72),(273,273,'Faraway',1,52,69),(277,277,'Local',2,62,48),(282,282,'Faraway',1,89,62),(285,285,'Regional',1,80,37),(289,289,'Faraway',1,82,87),(293,293,'Local',2,39,10),(297,297,'Faraway',2,86,24),(302,302,'Faraway',2,2,31),(306,306,'Local',3,50,76),(309,309,'Local',1,90,35),(313,313,'Regional',1,24,6),(318,318,'Faraway',2,18,95),(321,321,'Local',2,96,80),(325,325,'Regional',1,49,51),(330,330,'Regional',1,32,57),(333,333,'Regional',3,3,82),(338,338,'Local',3,84,48),(342,342,'Local',2,68,45),(346,346,'Local',2,35,54),(350,350,'Faraway',3,21,93),(354,354,'Faraway',2,79,52),(358,358,'Regional',3,27,66),(362,362,'Local',1,46,63),(365,365,'Regional',2,92,2),(370,370,'Faraway',2,35,58),(374,374,'Faraway',2,4,22),(377,377,'Local',3,4,62),(381,381,'Faraway',3,41,89),(385,385,'Regional',2,35,66),(390,390,'Regional',2,76,24),(393,393,'Faraway',2,79,68),(397,397,'Local',2,92,53);
/*!40000 ALTER TABLE `adenocarcinoma` ENABLE KEYS */;
UNLOCK TABLES;

--
-- Table structure for table `breastcancer`
--

DROP TABLE IF EXISTS `breastcancer`;
/*!40101 SET @saved_cs_client     = @@character_set_client */;
/*!40101 SET character_set_client = utf8 */;
CREATE TABLE `breastcancer` (
  `id` int(11) NOT NULL,
  `patient` int(11) DEFAULT NULL,
  `quadrant` int(11) DEFAULT NULL,
  `breastside` char(1) COLLATE utf8mb4_unicode_ci DEFAULT NULL,
  `microcalcification` char(1) COLLATE utf8mb4_unicode_ci DEFAULT NULL,
  PRIMARY KEY (`id`),
  UNIQUE KEY `id` (`id`)
) ENGINE=InnoDB DEFAULT CHARSET=utf8mb4 COLLATE=utf8mb4_unicode_ci;
/*!40101 SET character_set_client = @saved_cs_client */;

--
-- Dumping data for table `breastcancer`
--

LOCK TABLES `breastcancer` WRITE;
/*!40000 ALTER TABLE `breastcancer` DISABLE KEYS */;
INSERT INTO `breastcancer` VALUES (1,1,1,'r','n'),(2,2,5,'r','n'),(3,3,3,'l','y'),(4,4,4,'r','n'),(5,5,4,'l','n'),(6,6,4,'l','y'),(7,7,4,'r','n'),(8,8,2,'r','y'),(9,9,2,'r','y'),(10,10,1,'l','y'),(11,11,4,'l','n'),(12,12,5,'l','y'),(13,13,4,'r','n'),(14,14,4,'l','n'),(15,15,2,'r','y'),(16,16,4,'r','y'),(17,17,4,'l','n'),(18,18,1,'l','y'),(19,19,4,'l','n'),(20,20,4,'l','y'),(21,21,1,'l','n'),(22,22,2,'r','n'),(23,23,4,'r','y'),(24,24,3,'r','y'),(25,25,5,'r','y'),(26,26,4,'l','n'),(27,27,4,'r','y'),(28,28,4,'l','y'),(29,29,2,'r','n'),(30,30,1,'l','n'),(31,31,4,'l','y'),(32,32,5,'l','n'),(33,33,4,'l','n'),(34,34,4,'r','n'),(35,35,2,'l','y'),(36,36,1,'l','n'),(37,37,4,'l','y'),(38,38,4,'r','y'),(39,39,4,'r','n'),(40,40,4,'r','n'),(41,41,2,'r','y'),(42,42,4,'l','n'),(43,43,3,'l','n'),(44,44,1,'r','n'),(45,45,4,'r','n'),(46,46,4,'l','y'),(47,47,4,'l','y'),(48,48,1,'r','y'),(49,49,5,'r','n'),(50,50,4,'r','y'),(51,51,2,'r','y'),(52,52,5,'r','n'),(53,53,4,'r','n'),(54,54,4,'r','n'),(55,55,4,'l','y'),(56,56,1,'r','y'),(57,57,4,'r','y'),(58,58,4,'l','y'),(59,59,2,'r','n'),(60,60,4,'r','y'),(61,61,1,'r','n'),(62,62,2,'l','y'),(63,63,4,'l','y'),(64,64,5,'l','y'),(65,65,3,'l','n'),(66,66,4,'l','y'),(67,67,4,'l','n'),(68,68,4,'l','n'),(69,69,2,'r','n'),(70,70,4,'l','n'),(71,71,4,'l','y'),(72,72,5,'l','n'),(73,73,1,'r','n'),(74,74,4,'l','y'),(75,75,2,'r','y'),(76,76,1,'r','n'),(77,77,4,'r','y'),(78,78,4,'l','n'),(79,79,4,'r','y'),(80,80,4,'r','n'),(81,81,1,'l','y'),(82,82,2,'r','n'),(83,83,3,'l','n'),(84,84,4,'r','y'),(85,85,4,'l','y'),(86,86,5,'r','n'),(87,87,4,'r','n'),(88,88,2,'l','n'),(89,89,4,'r','n'),(90,90,4,'r','n'),(91,91,1,'r','n'),(92,92,4,'l','y'),(93,93,4,'l','n'),(94,94,5,'l','n'),(95,95,1,'l','n'),(96,96,2,'l','y'),(97,97,4,'r','n'),(98,98,4,'r','n'),(99,99,4,'r','y'),(100,100,4,'l','n'),(101,101,3,'l','y'),(102,102,5,'l','n'),(103,103,2,'r','n'),(104,104,1,'l','n'),(105,105,4,'r','y'),(106,106,4,'l','n'),(107,107,4,'r','n'),(108,108,4,'r','y'),(109,109,4,'r','n'),(110,110,1,'r','n'),(111,111,2,'l','y'),(112,112,4,'r','y'),(113,113,5,'l','n'),(114,114,4,'l','n'),(115,115,2,'l','n'),(116,116,4,'r','n'),(117,117,1,'r','n'),(118,118,4,'l','n'),(119,119,4,'r','n'),(120,120,4,'l','n'),(121,121,1,'l','y'),(122,122,5,'l','y'),(123,123,4,'r','n'),(124,124,3,'r','y'),(125,125,2,'r','y'),(126,126,4,'l','n'),(127,127,4,'l','y'),(128,128,1,'l','n'),(129,129,2,'l','n'),(130,130,4,'r','n'),(131,131,4,'l','y'),(132,132,5,'r','n'),(133,133,4,'l','n'),(134,134,4,'l','y'),(135,135,4,'l','n'),(136,136,4,'r','y'),(137,137,2,'r','n'),(138,138,1,'r','n'),(139,139,4,'l','n'),(140,140,4,'l','n'),(141,141,2,'l','n'),(142,142,1,'r','n'),(143,143,4,'l','n'),(144,144,4,'r','n'),(145,145,4,'r','n'),(146,146,5,'r','y'),(147,147,3,'r','y'),(148,148,4,'r','n'),(149,149,2,'r','y'),(150,150,4,'l','y'),(151,151,1,'l','y'),(152,152,4,'r','y'),(153,153,4,'l','n'),(154,154,4,'r','y'),(155,155,2,'r','n'),(156,156,4,'l','y'),(157,157,1,'l','n'),(158,158,4,'l','y'),(159,159,5,'r','n'),(160,160,4,'l','n'),(161,161,1,'r','n'),(162,162,4,'r','n'),(163,163,2,'l','n'),(164,164,4,'l','y'),(165,165,5,'l','y'),(166,166,3,'r','y'),(167,167,4,'r','n'),(168,168,4,'l','y'),(169,169,4,'r','y'),(170,170,1,'r','y'),(171,171,2,'r','n'),(172,172,5,'r','n'),(173,173,4,'l','n'),(174,174,4,'l','n'),(175,175,2,'l','y'),(176,176,4,'l','y'),(177,177,4,'l','y'),(178,178,1,'l','n'),(179,179,4,'r','n'),(180,180,4,'r','y'),(181,181,2,'r','n'),(182,182,4,'l','n'),(183,183,4,'l','n'),(184,184,5,'l','y'),(185,185,4,'r','y'),(186,186,3,'r','n'),(187,187,1,'l','y'),(188,188,4,'r','y'),(189,189,4,'l','n'),(190,190,2,'r','y'),(191,191,4,'l','y'),(192,192,5,'r','n'),(193,193,1,'l','n'),(194,194,4,'r','y'),(195,195,4,'r','n'),(196,196,1,'r','n'),(197,197,2,'l','n'),(198,198,4,'l','n'),(199,199,4,'l','n'),(200,200,4,'l','n'),(201,201,3,'l','y'),(202,202,2,'r','n'),(203,203,4,'r','n'),(204,204,5,'l','n'),(205,205,1,'r','n'),(206,206,4,'l','n'),(207,207,4,'l','n'),(208,208,2,'l','y'),(209,209,1,'l','n'),(210,210,4,'r','n'),(211,211,4,'r','n'),(212,212,4,'l','y'),(213,213,5,'l','n'),(214,214,4,'r','n'),(215,215,1,'r','n'),(216,216,4,'r','n'),(217,217,4,'r','y'),(218,218,4,'l','y'),(219,219,2,'l','n'),(220,220,4,'r','y'),(221,221,3,'r','n'),(222,222,5,'l','y'),(223,223,1,'l','y'),(224,224,2,'r','n'),(225,225,4,'r','n'),(226,226,4,'l','y'),(227,227,4,'l','n'),(228,228,2,'l','y'),(229,229,4,'l','n'),(230,230,1,'r','n'),(231,231,4,'r','n'),(232,232,4,'l','y'),(233,233,5,'r','n'),(234,234,4,'r','y'),(235,235,4,'r','n'),(236,236,1,'r','y'),(237,237,4,'l','n'),(238,238,2,'l','y'),(239,239,4,'r','y'),(240,240,4,'l','y'),(241,241,1,'l','y'),(242,242,3,'r','n'),(243,243,5,'l','y'),(244,244,2,'r','n'),(245,245,4,'l','y'),(246,246,4,'l','y'),(247,247,4,'r','y'),(248,248,4,'l','y'),(249,249,1,'l','n'),(250,250,4,'l','n'),(251,251,4,'l','y'),(252,252,5,'l','n'),(253,253,4,'r','y'),(254,254,2,'l','y'),(255,255,2,'l','y'),(256,256,1,'l','y'),(257,257,4,'l','n'),(258,258,4,'l','y'),(259,259,4,'r','y'),(260,260,4,'l','n'),(261,261,3,'l','n'),(262,262,5,'r','n'),(263,263,1,'r','y'),(264,264,4,'l','y'),(265,265,4,'r','n'),(266,266,2,'r','n'),(267,267,4,'l','n'),(268,268,1,'r','y'),(269,269,4,'r','y'),(270,270,2,'l','n'),(271,271,4,'r','y'),(272,272,4,'r','y'),(273,273,4,'l','n'),(274,274,4,'l','n'),(275,275,5,'r','n'),(276,276,4,'l','y'),(277,277,1,'r','y'),(278,278,2,'r','y'),(279,279,4,'r','y'),(280,280,4,'l','n'),(281,281,3,'l','n'),(282,282,4,'r','n'),(283,283,5,'r','y'),(284,284,2,'l','y'),(285,285,4,'r','n'),(286,286,4,'l','n'),(287,287,4,'r','n'),(288,288,2,'r','n'),(289,289,1,'l','y'),(290,290,4,'r','n'),(291,291,1,'l','n'),(292,292,4,'r','n'),(293,293,5,'r','n'),(294,294,4,'r','n'),(295,295,1,'l','y'),(296,296,4,'r','y'),(297,297,4,'l','y'),(298,298,2,'r','y'),(299,299,4,'r','n'),(300,300,4,'l','n'),(301,301,5,'r','n'),(302,302,1,'l','y'),(303,303,4,'r','n'),(304,304,3,'r','y'),(305,305,4,'l','n'),(306,306,4,'l','n'),(307,307,4,'l','n'),(308,308,2,'r','n'),(309,309,1,'l','y'),(310,310,2,'l','y'),(311,311,4,'r','y'),(312,312,5,'r','y'),(313,313,4,'l','n'),(314,314,4,'l','y'),(315,315,4,'r','y'),(316,316,1,'l','y'),(317,317,4,'r','n'),(318,318,2,'l','y'),(319,319,4,'r','y'),(320,320,4,'l','n'),(321,321,1,'r','y'),(322,322,2,'l','y'),(323,323,4,'r','n'),(324,324,3,'l','y'),(325,325,5,'r','n'),(326,326,4,'l','n'),(327,327,4,'l','y'),(328,328,4,'r','n'),(329,329,2,'l','n'),(330,330,1,'l','n'),(331,331,4,'l','n'),(332,332,5,'l','y'),(333,333,4,'r','n'),(334,334,4,'r','n'),(335,335,4,'r','y'),(336,336,4,'l','y'),(337,337,2,'r','n'),(338,338,1,'l','y'),(339,339,4,'r','y'),(340,340,4,'r','y'),(341,341,4,'r','n'),(342,342,1,'l','n'),(343,343,2,'l','y'),(344,344,4,'r','y'),(345,345,3,'l','y'),(346,346,4,'l','n'),(347,347,4,'l','n'),(348,348,5,'r','n'),(349,349,4,'r','n'),(350,350,1,'l','y'),(351,351,4,'l','n'),(352,352,4,'l','n'),(353,353,5,'l','y'),(354,354,2,'r','n'),(355,355,1,'r','y'),(356,356,4,'r','y'),(357,357,2,'l','n'),(358,358,4,'r','y'),(359,359,4,'l','n'),(360,360,4,'r','y'),(361,361,1,'r','y'),(362,362,2,'l','y'),(363,363,3,'l','y'),(364,364,5,'l','n'),(365,365,4,'l','n'),(366,366,4,'l','y'),(367,367,4,'l','n'),(368,368,1,'r','y'),(369,369,4,'l','n'),(370,370,4,'l','y'),(371,371,2,'r','y'),(372,372,5,'l','y'),(373,373,4,'r','n'),(374,374,4,'l','n'),(375,375,4,'l','n'),(376,376,2,'r','n'),(377,377,4,'r','n'),(378,378,4,'r','y'),(379,379,1,'l','y'),(380,380,4,'l','y'),(381,381,4,'l','y'),(382,382,1,'l','n'),(383,383,4,'r','y'),(384,384,2,'l','n'),(385,385,4,'l','n'),(386,386,5,'l','n'),(387,387,4,'l','n'),(388,388,3,'l','n'),(389,389,1,'l','n'),(390,390,2,'r','n'),(391,391,4,'l','n'),(392,392,4,'r','y'),(393,393,5,'l','n'),(394,394,4,'r','y'),(395,395,2,'l','n'),(396,396,1,'r','y'),(397,397,4,'l','y');
/*!40000 ALTER TABLE `breastcancer` ENABLE KEYS */;
UNLOCK TABLES;

--
-- Table structure for table `breastcancer_has_receptor`
--

DROP TABLE IF EXISTS `breastcancer_has_receptor`;
/*!40101 SET @saved_cs_client     = @@character_set_client */;
/*!40101 SET character_set_client = utf8 */;
CREATE TABLE `breastcancer_has_receptor` (
  `tumor` int(11) DEFAULT NULL,
  `receptor` int(11) DEFAULT NULL
) ENGINE=InnoDB DEFAULT CHARSET=utf8mb4 COLLATE=utf8mb4_unicode_ci;
/*!40101 SET character_set_client = @saved_cs_client */;

--
-- Dumping data for table `breastcancer_has_receptor`
--

LOCK TABLES `breastcancer_has_receptor` WRITE;
/*!40000 ALTER TABLE `breastcancer_has_receptor` DISABLE KEYS */;
INSERT INTO `breastcancer_has_receptor` VALUES (1,8),(2,5),(3,2),(4,7),(5,1),(6,1),(7,6),(8,4),(9,1),(10,6),(11,1),(12,7),(13,7),(14,3),(15,5),(16,9),(17,4),(18,7),(19,1),(20,6),(21,1),(22,6),(23,3),(24,6),(25,3),(26,6),(27,2),(28,9),(29,7),(30,1),(31,7),(32,4),(33,5),(34,4),(35,2),(36,9),(37,7),(38,3),(39,5),(40,8),(41,8),(42,2),(43,6),(44,5),(45,4),(46,1),(47,6),(48,8),(49,7),(50,8),(51,2),(52,9),(53,8),(54,1),(55,8),(56,1),(57,6),(58,8),(59,8),(60,7),(61,3),(62,4),(63,3),(64,7),(65,6),(66,3),(67,5),(68,2),(69,9),(70,3),(71,4),(72,2),(73,6),(74,5),(75,9),(76,9),(77,7),(78,5),(79,6),(80,4),(81,2),(82,9),(83,5),(84,8),(85,6),(86,9),(87,1),(88,4),(89,2),(90,7),(91,6),(92,6),(93,5),(94,4),(95,3),(96,8),(97,7),(98,9),(99,1),(100,1),(101,1),(102,8),(103,8),(104,4),(105,3),(106,4),(107,5),(108,4),(109,5),(110,1),(111,9),(112,3),(113,5),(114,4),(115,4),(116,2),(117,8),(118,6),(119,2),(120,9),(121,4),(122,5),(123,2),(124,7),(125,3),(126,9),(127,9),(128,7),(129,5),(130,4),(131,9),(132,3),(133,5),(134,1),(135,6),(136,7),(137,4),(138,3),(139,4),(140,6),(141,3),(142,8),(143,2),(144,4),(145,6),(146,9),(147,2),(148,3),(149,9),(150,5),(151,6),(152,1),(153,6),(154,7),(155,6),(156,2),(157,1),(158,4),(159,9),(160,5),(161,8),(162,6),(163,7),(164,1),(165,8),(166,9),(167,9),(168,3),(169,6),(170,1),(171,9),(172,6),(173,4),(174,4),(175,3),(176,7),(177,5),(178,2),(179,2),(180,3),(181,2),(182,9),(183,7),(184,1),(185,5),(186,3),(187,7),(188,6),(189,1),(190,8),(191,4),(192,8),(193,3),(194,7),(195,5),(196,6),(197,6),(198,6),(199,3),(200,8),(201,1),(202,9),(203,4),(204,4),(205,2),(206,5),(207,6),(208,4),(209,8),(210,1),(211,3),(212,5),(213,4),(214,4),(215,1),(216,1),(217,9),(218,1),(219,9),(220,2),(221,9),(222,6),(223,2),(224,6),(225,8),(226,1),(227,4),(228,8),(229,3),(230,1),(231,2),(232,4),(233,6),(234,6),(235,5),(236,9),(237,1),(238,6),(239,8),(240,5),(241,2),(242,5),(243,3),(244,7),(245,2),(246,7),(247,9),(248,7),(249,6),(250,4),(251,3),(252,9),(253,5),(254,4),(255,8),(256,7),(257,5),(258,2),(259,4),(260,9),(261,2),(262,6),(263,5),(264,9),(265,9),(266,3),(267,6),(268,1),(269,3),(270,2),(271,1),(272,8),(273,7),(274,6),(275,9),(276,7),(277,2),(278,8),(279,5),(280,3),(281,3),(282,8),(283,2),(284,6),(285,8),(286,2),(287,8),(288,3),(289,2),(290,1),(291,4),(292,2),(293,7),(294,1),(295,8),(296,1),(297,6),(298,8),(299,3),(300,8),(301,8),(302,8),(303,9),(304,6),(305,9),(306,9),(307,3),(308,9),(309,1),(310,1),(311,9),(312,8),(313,2),(314,2),(315,3),(316,8),(317,4),(318,6),(319,7),(320,5),(321,7),(322,8),(323,3),(324,6),(325,9),(326,6),(327,1),(328,7),(329,9),(330,3),(331,3),(332,2),(333,1),(334,2),(335,2),(336,6),(337,2),(338,8),(339,4),(340,9),(341,8),(342,6),(343,2),(344,8),(345,4),(346,3),(347,8),(348,7),(349,4),(350,2),(351,7),(352,5),(353,1),(354,4),(355,7),(356,4),(357,9),(358,7),(359,5),(360,5),(361,5),(362,9),(363,9),(364,8),(365,3),(366,7),(367,3),(368,1),(369,5),(370,2),(371,6),(372,9),(373,9),(374,4),(375,8),(376,8),(377,9),(378,7),(379,3),(380,8),(381,2),(382,3),(383,7),(384,3),(385,6),(386,6),(387,4),(388,3),(389,1),(390,4),(391,5),(392,3),(393,2),(394,1),(395,9),(396,9),(397,6);
/*!40000 ALTER TABLE `breastcancer_has_receptor` ENABLE KEYS */;
UNLOCK TABLES;

--
-- Table structure for table `classification`
--

DROP TABLE IF EXISTS `classification`;
/*!40101 SET @saved_cs_client     = @@character_set_client */;
/*!40101 SET character_set_client = utf8 */;
CREATE TABLE `classification` (
  `id` int(11) NOT NULL,
  `tumor` int(11) DEFAULT NULL,
  `patient` int(11) DEFAULT NULL,
  `name` varchar(32) COLLATE utf8mb4_unicode_ci DEFAULT NULL,
  PRIMARY KEY (`id`),
  UNIQUE KEY `id` (`id`)
) ENGINE=InnoDB DEFAULT CHARSET=utf8mb4 COLLATE=utf8mb4_unicode_ci;
/*!40101 SET character_set_client = @saved_cs_client */;

--
-- Dumping data for table `classification`
--

LOCK TABLES `classification` WRITE;
/*!40000 ALTER TABLE `classification` DISABLE KEYS */;
INSERT INTO `classification` VALUES (1,1,1,'Van Nuys Index'),(2,2,2,'TNM'),(3,3,3,'Van Nuys Index'),(4,4,4,'Van Nuys Index'),(5,5,5,'TNM'),(6,6,6,'Van Nuys Index'),(7,7,7,'Van Nuys Index'),(8,8,8,'Van Nuys Index'),(9,9,9,'TNM'),(10,10,10,'Van Nuys Index'),(11,11,11,'Van Nuys Index'),(12,12,12,'Van Nuys Index'),(13,13,13,'TNM'),(14,14,14,'Van Nuys Index'),(15,15,15,'Van Nuys Index'),(16,16,16,'Van Nuys Index'),(17,17,17,'Van Nuys Index'),(18,18,18,'TNM'),(19,19,19,'Van Nuys Index'),(20,20,20,'Van Nuys Index'),(21,21,21,'TNM'),(22,22,22,'Van Nuys Index'),(23,23,23,'Van Nuys Index'),(24,24,24,'Van Nuys Index'),(25,25,25,'Van Nuys Index'),(26,26,26,'TNM'),(27,27,27,'Van Nuys Index'),(28,28,28,'Van Nuys Index'),(29,29,29,'TNM'),(30,30,30,'Van Nuys Index'),(31,31,31,'Van Nuys Index'),(32,32,32,'Van Nuys Index'),(33,33,33,'Van Nuys Index'),(34,34,34,'TNM'),(35,35,35,'Van Nuys Index'),(36,36,36,'Van Nuys Index'),(37,37,37,'TNM'),(38,38,38,'Van Nuys Index'),(39,39,39,'Van Nuys Index'),(40,40,40,'Van Nuys Index'),(41,41,41,'Van Nuys Index'),(42,42,42,'TNM'),(43,43,43,'Van Nuys Index'),(44,44,44,'Van Nuys Index'),(45,45,45,'Van Nuys Index'),(46,46,46,'TNM'),(47,47,47,'Van Nuys Index'),(48,48,48,'Van Nuys Index'),(49,49,49,'TNM'),(50,50,50,'Van Nuys Index'),(51,51,51,'Van Nuys Index'),(52,52,52,'Van Nuys Index'),(53,53,53,'TNM'),(54,54,54,'Van Nuys Index'),(55,55,55,'Van Nuys Index'),(56,56,56,'Van Nuys Index'),(57,57,57,'TNM'),(58,58,58,'Van Nuys Index'),(59,59,59,'Van Nuys Index'),(60,60,60,'Van Nuys Index'),(61,61,61,'Van Nuys Index'),(62,62,62,'TNM'),(63,63,63,'Van Nuys Index'),(64,64,64,'Van Nuys Index'),(65,65,65,'TNM'),(66,66,66,'Van Nuys Index'),(67,67,67,'Van Nuys Index'),(68,68,68,'Van Nuys Index'),(69,69,69,'TNM'),(70,70,70,'Van Nuys Index'),(71,71,71,'Van Nuys Index'),(72,72,72,'Van Nuys Index'),(73,73,73,'TNM'),(74,74,74,'Van Nuys Index'),(75,75,75,'Van Nuys Index'),(76,76,76,'Van Nuys Index'),(77,77,77,'Van Nuys Index'),(78,78,78,'TNM'),(79,79,79,'Van Nuys Index'),(80,80,80,'Van Nuys Index'),(81,81,81,'TNM'),(82,82,82,'Van Nuys Index'),(83,83,83,'Van Nuys Index'),(84,84,84,'Van Nuys Index'),(85,85,85,'TNM'),(86,86,86,'Van Nuys Index'),(87,87,87,'Van Nuys Index'),(88,88,88,'Van Nuys Index'),(89,89,89,'Van Nuys Index'),(90,90,90,'TNM'),(91,91,91,'Van Nuys Index'),(92,92,92,'Van Nuys Index'),(93,93,93,'Van Nuys Index'),(94,94,94,'TNM'),(95,95,95,'Van Nuys Index'),(96,96,96,'Van Nuys Index'),(97,97,97,'Van Nuys Index'),(98,98,98,'TNM'),(99,99,99,'Van Nuys Index'),(100,100,100,'Van Nuys Index'),(101,101,101,'Van Nuys Index'),(102,102,102,'TNM'),(103,103,103,'Van Nuys Index'),(104,104,104,'Van Nuys Index'),(105,105,105,'TNM'),(106,106,106,'Van Nuys Index'),(107,107,107,'Van Nuys Index'),(108,108,108,'Van Nuys Index'),(109,109,109,'Van Nuys Index'),(110,110,110,'TNM'),(111,111,111,'Van Nuys Index'),(112,112,112,'Van Nuys Index'),(113,113,113,'TNM'),(114,114,114,'Van Nuys Index'),(115,115,115,'Van Nuys Index'),(116,116,116,'Van Nuys Index'),(117,117,117,'Van Nuys Index'),(118,118,118,'TNM'),(119,119,119,'Van Nuys Index'),(120,120,120,'Van Nuys Index'),(121,121,121,'Van Nuys Index'),(122,122,122,'TNM'),(123,123,123,'Van Nuys Index'),(124,124,124,'Van Nuys Index'),(125,125,125,'Van Nuys Index'),(126,126,126,'TNM'),(127,127,127,'Van Nuys Index'),(128,128,128,'Van Nuys Index'),(129,129,129,'TNM'),(130,130,130,'Van Nuys Index'),(131,131,131,'Van Nuys Index'),(132,132,132,'Van Nuys Index'),(133,133,133,'TNM'),(134,134,134,'Van Nuys Index'),(135,135,135,'Van Nuys Index'),(136,136,136,'Van Nuys Index'),(137,137,137,'TNM'),(138,138,138,'Van Nuys Index'),(139,139,139,'Van Nuys Index'),(140,140,140,'Van Nuys Index'),(141,141,141,'Van Nuys Index'),(142,142,142,'TNM'),(143,143,143,'Van Nuys Index'),(144,144,144,'Van Nuys Index'),(145,145,145,'TNM'),(146,146,146,'Van Nuys Index'),(147,147,147,'Van Nuys Index'),(148,148,148,'Van Nuys Index'),(149,149,149,'TNM'),(150,150,150,'Van Nuys Index'),(151,151,151,'Van Nuys Index'),(152,152,152,'Van Nuys Index'),(153,153,153,'Van Nuys Index'),(154,154,154,'TNM'),(155,155,155,'Van Nuys Index'),(156,156,156,'Van Nuys Index'),(157,157,157,'Van Nuys Index'),(158,158,158,'TNM'),(159,159,159,'Van Nuys Index'),(160,160,160,'Van Nuys Index'),(161,161,161,'TNM'),(162,162,162,'Van Nuys Index'),(163,163,163,'Van Nuys Index'),(164,164,164,'Van Nuys Index'),(165,165,165,'Van Nuys Index'),(166,166,166,'TNM'),(167,167,167,'Van Nuys Index'),(168,168,168,'Van Nuys Index'),(169,169,169,'Van Nuys Index'),(170,170,170,'TNM'),(171,171,171,'Van Nuys Index'),(172,172,172,'Van Nuys Index'),(173,173,173,'Van Nuys Index'),(174,174,174,'TNM'),(175,175,175,'Van Nuys Index'),(176,176,176,'Van Nuys Index'),(177,177,177,'Van Nuys Index'),(178,178,178,'TNM'),(179,179,179,'Van Nuys Index'),(180,180,180,'Van Nuys Index'),(181,181,181,'TNM'),(182,182,182,'Van Nuys Index'),(183,183,183,'Van Nuys Index'),(184,184,184,'Van Nuys Index'),(185,185,185,'Van Nuys Index'),(186,186,186,'TNM'),(187,187,187,'Van Nuys Index'),(188,188,188,'Van Nuys Index'),(189,189,189,'Van Nuys Index'),(190,190,190,'TNM'),(191,191,191,'Van Nuys Index'),(192,192,192,'Van Nuys Index'),(193,193,193,'Van Nuys Index'),(194,194,194,'TNM'),(195,195,195,'Van Nuys Index'),(196,196,196,'Van Nuys Index'),(197,197,197,'TNM'),(198,198,198,'Van Nuys Index'),(199,199,199,'Van Nuys Index'),(200,200,200,'Van Nuys Index'),(201,201,201,'Van Nuys Index'),(202,202,202,'TNM'),(203,203,203,'Van Nuys Index'),(204,204,204,'Van Nuys Index'),(205,205,205,'Van Nuys Index'),(206,206,206,'TNM'),(207,207,207,'Van Nuys Index'),(208,208,208,'Van Nuys Index'),(209,209,209,'Van Nuys Index'),(210,210,210,'TNM'),(211,211,211,'Van Nuys Index'),(212,212,212,'Van Nuys Index'),(213,213,213,'Van Nuys Index'),(214,214,214,'TNM'),(215,215,215,'Van Nuys Index'),(216,216,216,'Van Nuys Index'),(217,217,217,'Van Nuys Index'),(218,218,218,'TNM'),(219,219,219,'Van Nuys Index'),(220,220,220,'Van Nuys Index'),(221,221,221,'TNM'),(222,222,222,'Van Nuys Index'),(223,223,223,'Van Nuys Index'),(224,224,224,'Van Nuys Index'),(225,225,225,'Van Nuys Index'),(226,226,226,'TNM'),(227,227,227,'Van Nuys Index'),(228,228,228,'Van Nuys Index'),(229,229,229,'TNM'),(230,230,230,'Van Nuys Index'),(231,231,231,'Van Nuys Index'),(232,232,232,'Van Nuys Index'),(233,233,233,'Van Nuys Index'),(234,234,234,'TNM'),(235,235,235,'Van Nuys Index'),(236,236,236,'Van Nuys Index'),(237,237,237,'Van Nuys Index'),(238,238,238,'TNM'),(239,239,239,'Van Nuys Index'),(240,240,240,'Van Nuys Index'),(241,241,241,'TNM'),(242,242,242,'Van Nuys Index'),(243,243,243,'Van Nuys Index'),(244,244,244,'Van Nuys Index'),(245,245,245,'Van Nuys Index'),(246,246,246,'TNM'),(247,247,247,'Van Nuys Index'),(248,248,248,'Van Nuys Index'),(249,249,249,'TNM'),(250,250,250,'Van Nuys Index'),(251,251,251,'Van Nuys Index'),(252,252,252,'Van Nuys Index'),(253,253,253,'Van Nuys Index'),(254,254,254,'TNM'),(255,255,255,'Van Nuys Index'),(256,256,256,'Van Nuys Index'),(257,257,257,'TNM'),(258,258,258,'Van Nuys Index'),(259,259,259,'Van Nuys Index'),(260,260,260,'Van Nuys Index'),(261,261,261,'Van Nuys Index'),(262,262,262,'TNM'),(263,263,263,'Van Nuys Index'),(264,264,264,'Van Nuys Index'),(265,265,265,'TNM'),(266,266,266,'Van Nuys Index'),(267,267,267,'Van Nuys Index'),(268,268,268,'Van Nuys Index'),(269,269,269,'Van Nuys Index'),(270,270,270,'TNM'),(271,271,271,'Van Nuys Index'),(272,272,272,'Van Nuys Index'),(273,273,273,'TNM'),(274,274,274,'Van Nuys Index'),(275,275,275,'Van Nuys Index'),(276,276,276,'Van Nuys Index'),(277,277,277,'TNM'),(278,278,278,'Van Nuys Index'),(279,279,279,'Van Nuys Index'),(280,280,280,'Van Nuys Index'),(281,281,281,'Van Nuys Index'),(282,282,282,'TNM'),(283,283,283,'Van Nuys Index'),(284,284,284,'Van Nuys Index'),(285,285,285,'TNM'),(286,286,286,'Van Nuys Index'),(287,287,287,'Van Nuys Index'),(288,288,288,'Van Nuys Index'),(289,289,289,'TNM'),(290,290,290,'Van Nuys Index'),(291,291,291,'Van Nuys Index'),(292,292,292,'Van Nuys Index'),(293,293,293,'TNM'),(294,294,294,'Van Nuys Index'),(295,295,295,'Van Nuys Index'),(296,296,296,'Van Nuys Index'),(297,297,297,'TNM'),(298,298,298,'Van Nuys Index'),(299,299,299,'Van Nuys Index'),(300,300,300,'Van Nuys Index'),(301,301,301,'Van Nuys Index'),(302,302,302,'TNM'),(303,303,303,'Van Nuys Index'),(304,304,304,'Van Nuys Index'),(305,305,305,'Van Nuys Index'),(306,306,306,'TNM'),(307,307,307,'Van Nuys Index'),(308,308,308,'Van Nuys Index'),(309,309,309,'TNM'),(310,310,310,'Van Nuys Index'),(311,311,311,'Van Nuys Index'),(312,312,312,'Van Nuys Index'),(313,313,313,'TNM'),(314,314,314,'Van Nuys Index'),(315,315,315,'Van Nuys Index'),(316,316,316,'Van Nuys Index'),(317,317,317,'Van Nuys Index'),(318,318,318,'TNM'),(319,319,319,'Van Nuys Index'),(320,320,320,'Van Nuys Index'),(321,321,321,'TNM'),(322,322,322,'Van Nuys Index'),(323,323,323,'Van Nuys Index'),(324,324,324,'Van Nuys Index'),(325,325,325,'TNM'),(326,326,326,'Van Nuys Index'),(327,327,327,'Van Nuys Index'),(328,328,328,'Van Nuys Index'),(329,329,329,'Van Nuys Index'),(330,330,330,'TNM'),(331,331,331,'Van Nuys Index'),(332,332,332,'Van Nuys Index'),(333,333,333,'TNM'),(334,334,334,'Van Nuys Index'),(335,335,335,'Van Nuys Index'),(336,336,336,'Van Nuys Index'),(337,337,337,'Van Nuys Index'),(338,338,338,'TNM'),(339,339,339,'Van Nuys Index'),(340,340,340,'Van Nuys Index'),(341,341,341,'Van Nuys Index'),(342,342,342,'TNM'),(343,343,343,'Van Nuys Index'),(344,344,344,'Van Nuys Index'),(345,345,345,'Van Nuys Index'),(346,346,346,'TNM'),(347,347,347,'Van Nuys Index'),(348,348,348,'Van Nuys Index'),(349,349,349,'Van Nuys Index'),(350,350,350,'TNM'),(351,351,351,'Van Nuys Index'),(352,352,352,'Van Nuys Index'),(353,353,353,'Van Nuys Index'),(354,354,354,'TNM'),(355,355,355,'Van Nuys Index'),(356,356,356,'Van Nuys Index'),(357,357,357,'Van Nuys Index'),(358,358,358,'TNM'),(359,359,359,'Van Nuys Index'),(360,360,360,'Van Nuys Index'),(361,361,361,'Van Nuys Index'),(362,362,362,'TNM'),(363,363,363,'Van Nuys Index'),(364,364,364,'Van Nuys Index'),(365,365,365,'TNM'),(366,366,366,'Van Nuys Index'),(367,367,367,'Van Nuys Index'),(368,368,368,'Van Nuys Index'),(369,369,369,'Van Nuys Index'),(370,370,370,'TNM'),(371,371,371,'Van Nuys Index'),(372,372,372,'Van Nuys Index'),(373,373,373,'Van Nuys Index'),(374,374,374,'TNM'),(375,375,375,'Van Nuys Index'),(376,376,376,'Van Nuys Index'),(377,377,377,'TNM'),(378,378,378,'Van Nuys Index'),(379,379,379,'Van Nuys Index'),(380,380,380,'Van Nuys Index'),(381,381,381,'TNM'),(382,382,382,'Van Nuys Index'),(383,383,383,'Van Nuys Index'),(384,384,384,'Van Nuys Index'),(385,385,385,'TNM'),(386,386,386,'Van Nuys Index'),(387,387,387,'Van Nuys Index'),(388,388,388,'Van Nuys Index'),(389,389,389,'Van Nuys Index'),(390,390,390,'TNM'),(391,391,391,'Van Nuys Index'),(392,392,392,'Van Nuys Index'),(393,393,393,'TNM'),(394,394,394,'Van Nuys Index'),(395,395,395,'Van Nuys Index'),(396,396,396,'Van Nuys Index'),(397,397,397,'TNM');
/*!40000 ALTER TABLE `classification` ENABLE KEYS */;
UNLOCK TABLES;

--
-- Table structure for table `clinical_data`
--

DROP TABLE IF EXISTS `clinical_data`;
/*!40101 SET @saved_cs_client     = @@character_set_client */;
/*!40101 SET character_set_client = utf8 */;
CREATE TABLE `clinical_data` (
  `id` int(11) NOT NULL,
  `tumor` int(11) DEFAULT NULL,
  `breastsize` char(1) COLLATE utf8mb4_unicode_ci DEFAULT NULL,
  `history` varchar(200) COLLATE utf8mb4_unicode_ci DEFAULT NULL,
  PRIMARY KEY (`id`),
  UNIQUE KEY `id` (`id`)
) ENGINE=InnoDB DEFAULT CHARSET=utf8mb4 COLLATE=utf8mb4_unicode_ci;
/*!40101 SET character_set_client = @saved_cs_client */;

--
-- Dumping data for table `clinical_data`
--

LOCK TABLES `clinical_data` WRITE;
/*!40000 ALTER TABLE `clinical_data` DISABLE KEYS */;
INSERT INTO `clinical_data` VALUES (1,1,'c','Mother was affected by breastcancer.'),(2,2,'a','Mother was affected by breastcancer at the right side.'),(3,3,'c','Mother was affected by breastcancer at the left side.'),(4,4,'a',''),(5,5,'b',''),(6,6,'b',''),(7,7,'a','Mother was affected by breastcancer at the left side.'),(8,8,'c','Mother was affected by breastcancer at the right side.'),(9,9,'b',''),(10,10,'b','Mother was affected by breastcancer at the left side.'),(11,11,'a',''),(12,12,'b',''),(13,13,'b',''),(14,14,'b',''),(15,15,'b',''),(16,16,'c','Mother was affected by breastcancer.'),(17,17,'a','All siblings were affected by breastcancer.'),(18,18,'c',''),(19,19,'a','Father was affected by Breastcancer.'),(20,20,'b','Mother was affected by breastcancer at the right side.'),(21,21,'b','All siblings were affected by breastcancer.'),(22,22,'b','Sister was affected by breastcancer.'),(23,23,'c','Mother was affected by breastcancer at the right side.'),(24,24,'b','Sister was affected by breastcancer.'),(25,25,'c','Mother was affected by breastcancer.'),(26,26,'b','Mother was affected by breastcancer.'),(27,27,'a',''),(28,28,'c','Mother was affected by breastcancer at the left side.'),(29,29,'a',''),(30,30,'b','Mother was affected by breastcancer.'),(31,31,'b','Mother was affected by breastcancer at the left side.'),(32,32,'a','Mother was affected by breastcancer at the left side.'),(33,33,'b','Mother was affected by breastcancer.'),(34,34,'c','All siblings were affected by breastcancer.'),(35,35,'a','Mother was affected by breastcancer at the right side.'),(36,36,'b',''),(37,37,'b','All siblings were affected by breastcancer.'),(38,38,'c','All siblings were affected by breastcancer.'),(39,39,'b',''),(40,40,'b','All siblings were affected by breastcancer.'),(41,41,'a','Mother was affected by breastcancer at the right side.'),(42,42,'c',''),(43,43,'b','Sister was affected by breastcancer.'),(44,44,'c',''),(45,45,'b','All siblings were affected by breastcancer.'),(46,46,'a','Sister was affected by breastcancer.'),(47,47,'b',''),(48,48,'a','Mother was affected by breastcancer.'),(49,49,'b','All siblings were affected by breastcancer.'),(50,50,'c','Mother was affected by breastcancer at the right side.'),(51,51,'a','All siblings were affected by breastcancer.'),(52,52,'b','Mother was affected by breastcancer at the right side.'),(53,53,'c','Mother was affected by breastcancer at the right side.'),(54,54,'b','All siblings were affected by breastcancer.'),(55,55,'a','All siblings were affected by breastcancer.'),(56,56,'b','Sister was affected by breastcancer.'),(57,57,'b',''),(58,58,'b',''),(59,59,'c',''),(60,60,'b',''),(61,61,'a',''),(62,62,'b','Sister was affected by breastcancer.'),(63,63,'c',''),(64,64,'c',''),(65,65,'a','Sister was affected by breastcancer.'),(66,66,'b','Mother was affected by breastcancer at the right side.'),(67,67,'b',''),(68,68,'c','All siblings were affected by breastcancer.'),(69,69,'b',''),(70,70,'a',''),(71,71,'b',''),(72,72,'a',''),(73,73,'b','Mother was affected by breastcancer at the right side.'),(74,74,'c','Mother was affected by breastcancer.'),(75,75,'b','Mother was affected by breastcancer at the right side.'),(76,76,'a',''),(77,77,'b','All siblings were affected by breastcancer.'),(78,78,'b','All siblings were affected by breastcancer.'),(79,79,'a','Sister was affected by breastcancer.'),(80,80,'b','Mother was affected by breastcancer at the right side.'),(81,81,'c','Mother was affected by breastcancer.'),(82,82,'b','All siblings were affected by breastcancer.'),(83,83,'a','All siblings were affected by breastcancer.'),(84,84,'c','Mother was affected by breastcancer.'),(85,85,'b','All siblings were affected by breastcancer.'),(86,86,'c',''),(87,87,'a','Mother was affected by breastcancer at the right side.'),(88,88,'c','Sister was affected by breastcancer.'),(89,89,'b','Mother was affected by breastcancer.'),(90,90,'b','Mother was affected by breastcancer at the right side.'),(91,91,'b','Mother was affected by breastcancer at the left side.'),(92,92,'a','Mother was affected by breastcancer at the right side.'),(93,93,'c',''),(94,94,'b','Mother was affected by breastcancer at the left side.'),(95,95,'b','Mother was affected by breastcancer at the left side.'),(96,96,'b','Mother was affected by breastcancer at the right side.'),(97,97,'a','Mother was affected by breastcancer.'),(98,98,'b','Mother was affected by breastcancer at the left side.'),(99,99,'c',''),(100,100,'b',''),(101,101,'a',''),(102,102,'c',''),(103,103,'a','Father was affected by Breastcancer.'),(104,104,'c','All siblings were affected by breastcancer.'),(105,105,'b',''),(106,106,'b','Mother was affected by breastcancer at the right side.'),(107,107,'b','All siblings were affected by breastcancer.'),(108,108,'a','All siblings were affected by breastcancer.'),(109,109,'b',''),(110,110,'c','Mother was affected by breastcancer.'),(111,111,'a',''),(112,112,'b','Mother was affected by breastcancer at the right side.'),(113,113,'c',''),(114,114,'b','Sister was affected by breastcancer.'),(115,115,'a','Mother was affected by breastcancer at the right side.'),(116,116,'b','Mother was affected by breastcancer.'),(117,117,'b','Father was affected by Breastcancer.'),(118,118,'b','Mother was affected by breastcancer at the right side.'),(119,119,'a',''),(120,120,'b',''),(121,121,'c','All siblings were affected by breastcancer.'),(122,122,'c',''),(123,123,'c',''),(124,124,'b','All siblings were affected by breastcancer.'),(125,125,'a','Mother was affected by breastcancer.'),(126,126,'b',''),(127,127,'a','Mother was affected by breastcancer at the left side.'),(128,128,'b','Mother was affected by breastcancer.'),(129,129,'c','Mother was affected by breastcancer.'),(130,130,'b','Sister was affected by breastcancer.'),(131,131,'a','Mother was affected by breastcancer at the right side.'),(132,132,'b','Sister was affected by breastcancer.'),(133,133,'c','Mother was affected by breastcancer at the left side.'),(134,134,'b',''),(135,135,'b','Father was affected by Breastcancer.'),(136,136,'b','All siblings were affected by breastcancer.'),(137,137,'a','Mother was affected by breastcancer.'),(138,138,'c',''),(139,139,'b',''),(140,140,'b','Mother was affected by breastcancer.'),(141,141,'a','All siblings were affected by breastcancer.'),(142,142,'b',''),(143,143,'c',''),(144,144,'c','Mother was affected by breastcancer.'),(145,145,'b',''),(146,146,'b','Mother was affected by breastcancer at the right side.'),(147,147,'a',''),(148,148,'b',''),(149,149,'a','Sister was affected by breastcancer.'),(150,150,'c',''),(151,151,'a','All siblings were affected by breastcancer.'),(152,152,'b','All siblings were affected by breastcancer.'),(153,153,'b','Mother was affected by breastcancer at the right side.'),(154,154,'b','Mother was affected by breastcancer.'),(155,155,'a','All siblings were affected by breastcancer.'),(156,156,'b','Mother was affected by breastcancer.'),(157,157,'c','Mother was affected by breastcancer at the right side.'),(158,158,'b','Sister was affected by breastcancer.'),(159,159,'c','Sister was affected by breastcancer.'),(160,160,'b','Mother was affected by breastcancer at the right side.'),(161,161,'a','Mother was affected by breastcancer at the right side.'),(162,162,'a','Mother was affected by breastcancer at the left side.'),(163,163,'b','Mother was affected by breastcancer at the left side.'),(164,164,'c',''),(165,165,'b','Father was affected by Breastcancer.'),(166,166,'b','Father was affected by Breastcancer.'),(167,167,'a','Mother was affected by breastcancer at the right side.'),(168,168,'a','Mother was affected by breastcancer at the right side.'),(169,169,'b','Mother was affected by breastcancer at the right side.'),(170,170,'c','All siblings were affected by breastcancer.'),(171,171,'b','Mother was affected by breastcancer at the left side.'),(172,172,'a','Mother was affected by breastcancer at the left side.'),(173,173,'c','All siblings were affected by breastcancer.'),(174,174,'c','Mother was affected by breastcancer.'),(175,175,'b',''),(176,176,'b',''),(177,177,'b','Mother was affected by breastcancer at the left side.'),(178,178,'a','All siblings were affected by breastcancer.'),(179,179,'b','Mother was affected by breastcancer at the right side.'),(180,180,'c',''),(181,181,'a',''),(182,182,'b','Sister was affected by breastcancer.'),(183,183,'a',''),(184,184,'b','Mother was affected by breastcancer.'),(185,185,'c','Mother was affected by breastcancer at the right side.'),(186,186,'b','Mother was affected by breastcancer.'),(187,187,'c',''),(188,188,'b',''),(189,189,'b','Mother was affected by breastcancer.'),(190,190,'a','All siblings were affected by breastcancer.'),(191,191,'b',''),(192,192,'a','Mother was affected by breastcancer at the left side.'),(193,193,'c','Sister was affected by breastcancer.'),(194,194,'b',''),(195,195,'b',''),(196,196,'b','Mother was affected by breastcancer at the right side.'),(197,197,'c','All siblings were affected by breastcancer.'),(198,198,'a','Mother was affected by breastcancer at the left side.'),(199,199,'c','Sister was affected by breastcancer.'),(200,200,'a','Mother was affected by breastcancer at the left side.'),(201,201,'b','Mother was affected by breastcancer at the left side.'),(202,202,'b','Mother was affected by breastcancer.'),(203,203,'b',''),(204,204,'c','Mother was affected by breastcancer at the left side.'),(205,205,'c',''),(206,206,'a','Mother was affected by breastcancer at the right side.'),(207,207,'b','Mother was affected by breastcancer at the right side.'),(208,208,'b','Mother was affected by breastcancer at the left side.'),(209,209,'a','Mother was affected by breastcancer at the left side.'),(210,210,'b','Mother was affected by breastcancer.'),(211,211,'b',''),(212,212,'c','All siblings were affected by breastcancer.'),(213,213,'a','Mother was affected by breastcancer at the right side.'),(214,214,'b','Mother was affected by breastcancer at the left side.'),(215,215,'c','Mother was affected by breastcancer at the left side.'),(216,216,'b',''),(217,217,'a','All siblings were affected by breastcancer.'),(218,218,'b','Mother was affected by breastcancer at the right side.'),(219,219,'c','Sister was affected by breastcancer.'),(220,220,'a',''),(221,221,'b','Father was affected by Breastcancer.'),(222,222,'b','Mother was affected by breastcancer.'),(223,223,'b',''),(224,224,'a','Mother was affected by breastcancer at the right side.'),(225,225,'c','Mother was affected by breastcancer at the left side.'),(226,226,'b','All siblings were affected by breastcancer.'),(227,227,'b','Mother was affected by breastcancer.'),(228,228,'a',''),(229,229,'c','Mother was affected by breastcancer.'),(230,230,'b','All siblings were affected by breastcancer.'),(231,231,'c',''),(232,232,'a','Sister was affected by breastcancer.'),(233,233,'b','Mother was affected by breastcancer.'),(234,234,'c','Sister was affected by breastcancer.'),(235,235,'b','Mother was affected by breastcancer at the left side.'),(236,236,'b',''),(237,237,'a',''),(238,238,'b','All siblings were affected by breastcancer.'),(239,239,'c','All siblings were affected by breastcancer.'),(240,240,'a','All siblings were affected by breastcancer.'),(241,241,'b','Mother was affected by breastcancer at the left side.'),(242,242,'b','Mother was affected by breastcancer.'),(243,243,'b','Mother was affected by breastcancer.'),(244,244,'a','All siblings were affected by breastcancer.'),(245,245,'b','Mother was affected by breastcancer at the right side.'),(246,246,'c','Sister was affected by breastcancer.'),(247,247,'b',''),(248,248,'c',''),(249,249,'b','Mother was affected by breastcancer at the left side.'),(250,250,'c','Sister was affected by breastcancer.'),(251,251,'a','Mother was affected by breastcancer at the left side.'),(252,252,'a','Mother was affected by breastcancer at the left side.'),(253,253,'b','Sister was affected by breastcancer.'),(254,254,'b','Sister was affected by breastcancer.'),(255,255,'b',''),(256,256,'a',''),(257,257,'b','Sister was affected by breastcancer.'),(258,258,'c','Father was affected by Breastcancer.'),(259,259,'c',''),(260,260,'b','Mother was affected by breastcancer.'),(261,261,'a',''),(262,262,'b','Mother was affected by breastcancer at the right side.'),(263,263,'c','Sister was affected by breastcancer.'),(264,264,'c',''),(265,265,'b',''),(266,266,'b','Mother was affected by breastcancer at the left side.'),(267,267,'a','Sister was affected by breastcancer.'),(268,268,'b','Mother was affected by breastcancer at the left side.'),(269,269,'c',''),(270,270,'b','Mother was affected by breastcancer at the right side.'),(271,271,'a','All siblings were affected by breastcancer.'),(272,272,'a','Mother was affected by breastcancer at the left side.'),(273,273,'b','Mother was affected by breastcancer at the right side.'),(274,274,'b','Sister was affected by breastcancer.'),(275,275,'b','Mother was affected by breastcancer at the left side.'),(276,276,'a','All siblings were affected by breastcancer.'),(277,277,'c','Mother was affected by breastcancer at the left side.'),(278,278,'b','Mother was affected by breastcancer at the left side.'),(279,279,'b',''),(280,280,'c',''),(281,281,'a',''),(282,282,'b',''),(283,283,'c','Sister was affected by breastcancer.'),(284,284,'a','All siblings were affected by breastcancer.'),(285,285,'c',''),(286,286,'b','Mother was affected by breastcancer.'),(287,287,'b',''),(288,288,'b',''),(289,289,'a',''),(290,290,'c','Mother was affected by breastcancer at the left side.'),(291,291,'b',''),(292,292,'a',''),(293,293,'b','All siblings were affected by breastcancer.'),(294,294,'b',''),(295,295,'c','Mother was affected by breastcancer.'),(296,296,'b','All siblings were affected by breastcancer.'),(297,297,'b','Mother was affected by breastcancer at the left side.'),(298,298,'a','Sister was affected by breastcancer.'),(299,299,'c','Mother was affected by breastcancer at the right side.'),(300,300,'b',''),(301,301,'b',''),(302,302,'a','Sister was affected by breastcancer.'),(303,303,'a',''),(304,304,'c','Mother was affected by breastcancer at the left side.'),(305,305,'b',''),(306,306,'b',''),(307,307,'b',''),(308,308,'c','Mother was affected by breastcancer.'),(309,309,'a',''),(310,310,'c','Mother was affected by breastcancer.'),(311,311,'b','All siblings were affected by breastcancer.'),(312,312,'a','Mother was affected by breastcancer.'),(313,313,'b',''),(314,314,'b',''),(315,315,'b','Mother was affected by breastcancer.'),(316,316,'a',''),(317,317,'c','Mother was affected by breastcancer.'),(318,318,'b',''),(319,319,'b','Sister was affected by breastcancer.'),(320,320,'a',''),(321,321,'b',''),(322,322,'c','Mother was affected by breastcancer.'),(323,323,'b','Mother was affected by breastcancer.'),(324,324,'c',''),(325,325,'c','Mother was affected by breastcancer.'),(326,326,'a','Mother was affected by breastcancer.'),(327,327,'b',''),(328,328,'b','Sister was affected by breastcancer.'),(329,329,'a','Mother was affected by breastcancer at the left side.'),(330,330,'c',''),(331,331,'b','Father was affected by Breastcancer.'),(332,332,'a','Mother was affected by breastcancer at the left side.'),(333,333,'b','Mother was affected by breastcancer at the left side.'),(334,334,'b','Mother was affected by breastcancer at the right side.'),(335,335,'a',''),(336,336,'c',''),(337,337,'a','Father was affected by Breastcancer.'),(338,338,'b','Mother was affected by breastcancer at the right side.'),(339,339,'b','Mother was affected by breastcancer at the right side.'),(340,340,'b','Mother was affected by breastcancer.'),(341,341,'c','Mother was affected by breastcancer at the left side.'),(342,342,'b','Mother was affected by breastcancer.'),(343,343,'a','Mother was affected by breastcancer at the left side.'),(344,344,'c',''),(345,345,'b',''),(346,346,'b','Mother was affected by breastcancer.'),(347,347,'b','All siblings were affected by breastcancer.'),(348,348,'c','Mother was affected by breastcancer.'),(349,349,'a',''),(350,350,'a','Mother was affected by breastcancer at the left side.'),(351,351,'b','All siblings were affected by breastcancer.'),(352,352,'b',''),(353,353,'c','Mother was affected by breastcancer at the right side.'),(354,354,'a','All siblings were affected by breastcancer.'),(355,355,'c','Father was affected by Breastcancer.'),(356,356,'b','Sister was affected by breastcancer.'),(357,357,'a',''),(358,358,'b','Mother was affected by breastcancer at the left side.'),(359,359,'b','Mother was affected by breastcancer at the left side.'),(360,360,'b','Sister was affected by breastcancer.'),(361,361,'c','Mother was affected by breastcancer.'),(362,362,'b','Sister was affected by breastcancer.'),(363,363,'a','Mother was affected by breastcancer at the right side.'),(364,364,'b','Mother was affected by breastcancer at the right side.'),(365,365,'a',''),(366,366,'b',''),(367,367,'c','Sister was affected by breastcancer.'),(368,368,'c','Sister was affected by breastcancer.'),(369,369,'b','Mother was affected by breastcancer.'),(370,370,'b','Mother was affected by breastcancer at the right side.'),(371,371,'a',''),(372,372,'b','Father was affected by Breastcancer.'),(373,373,'a','All siblings were affected by breastcancer.'),(374,374,'c',''),(375,375,'b','Mother was affected by breastcancer at the right side.'),(376,376,'c','All siblings were affected by breastcancer.'),(377,377,'a','Mother was affected by breastcancer.'),(378,378,'b',''),(379,379,'b','Sister was affected by breastcancer.'),(380,380,'b','All siblings were affected by breastcancer.'),(381,381,'a',''),(382,382,'c','All siblings were affected by breastcancer.'),(383,383,'b',''),(384,384,'b',''),(385,385,'c',''),(386,386,'a','Sister was affected by breastcancer.'),(387,387,'b','Mother was affected by breastcancer.'),(388,388,'c','Mother was affected by breastcancer.'),(389,389,'b','Mother was affected by breastcancer.'),(390,390,'b',''),(391,391,'a','Mother was affected by breastcancer.'),(392,392,'c',''),(393,393,'a','Mother was affected by breastcancer.'),(394,394,'b','Mother was affected by breastcancer at the right side.'),(395,395,'c','Sister was affected by breastcancer.'),(396,396,'b','Mother was affected by breastcancer at the right side.'),(397,397,'b','Sister was affected by breastcancer.');
/*!40000 ALTER TABLE `clinical_data` ENABLE KEYS */;
UNLOCK TABLES;

--
-- Table structure for table `decision`
--

DROP TABLE IF EXISTS `decision`;
/*!40101 SET @saved_cs_client     = @@character_set_client */;
/*!40101 SET character_set_client = utf8 */;
CREATE TABLE `decision` (
  `id` int(11) NOT NULL,
  `description` varchar(512) COLLATE utf8mb4_unicode_ci DEFAULT NULL,
  `type` varchar(32) COLLATE utf8mb4_unicode_ci DEFAULT NULL,
  `rcp` int(11) DEFAULT NULL,
  PRIMARY KEY (`id`),
  UNIQUE KEY `id` (`id`)
) ENGINE=InnoDB DEFAULT CHARSET=utf8mb4 COLLATE=utf8mb4_unicode_ci;
/*!40101 SET character_set_client = @saved_cs_client */;

--
-- Dumping data for table `decision`
--

LOCK TABLES `decision` WRITE;
/*!40000 ALTER TABLE `decision` DISABLE KEYS */;
INSERT INTO `decision` VALUES (1,'Diagnostic validé en RCP','0',1),(2,'','3',2),(3,'Décision reportée','6',3),(4,'','3',4),(5,'','3',5),(6,'Diagnostic à valider: Complément relecture icongraphie','2',6),(7,'Décision reportée','6',7),(8,'Abstention thérapeutique','7',8),(9,'Diagnostic à valider: Complément relecture anapath','1',9),(10,'Abstention thérapeutique','7',10),(11,'Diagnostic à valider: Complément relecture icongraphie','2',11),(12,'Surveillance','5',12),(13,'Surveillance','5',13),(14,'Diagnostic validé en RCP','0',14),(15,'Mise en traitement','4',15),(16,'Abstention thérapeutique','7',16),(17,'Abstention thérapeutique','7',17),(18,'Diagnostic validé en RCP','0',18),(19,'Diagnostic validé en RCP','0',19),(20,'Décision reportée','6',20),(21,'Surveillance','5',21),(22,'Diagnostic validé en RCP','0',22),(23,'Diagnostic validé en RCP','0',23),(24,'Abstention thérapeutique','7',24),(25,'Décision reportée','6',25),(26,'Surveillance','5',26),(27,'Décision reportée','6',27),(28,'Diagnostic à valider: Complément relecture anapath','1',28),(29,'Abstention thérapeutique','7',29),(30,'Mise en traitement','4',30),(31,'Mise en traitement','4',31),(32,'Abstention thérapeutique','7',32),(33,'','3',33),(34,'Surveillance','5',34),(35,'Abstention thérapeutique','7',35),(36,'Surveillance','5',36),(37,'Diagnostic à valider: Complément relecture anapath','1',37),(38,'Diagnostic à valider: Complément relecture anapath','1',38),(39,'Surveillance','5',39),(40,'Diagnostic validé en RCP','0',40),(41,'Surveillance','5',41),(42,'Décision reportée','6',42),(43,'Mise en traitement','4',43),(44,'Mise en traitement','4',44),(45,'Abstention thérapeutique','7',45),(46,'Abstention thérapeutique','7',46),(47,'Mise en traitement','4',47),(48,'','3',48),(49,'Mise en traitement','4',49),(50,'Diagnostic à valider: Complément relecture icongraphie','2',50),(51,'Diagnostic à valider: Complément relecture anapath','1',51),(52,'','3',52),(53,'Diagnostic à valider: Complément relecture anapath','1',53),(54,'Surveillance','5',54),(55,'Diagnostic à valider: Complément relecture icongraphie','2',55),(56,'Décision reportée','6',56),(57,'Diagnostic validé en RCP','0',57),(58,'Décision reportée','6',58),(59,'Abstention thérapeutique','7',59),(60,'Diagnostic validé en RCP','0',60),(61,'Surveillance','5',61),(62,'Abstention thérapeutique','7',62),(63,'Diagnostic validé en RCP','0',63),(64,'Décision reportée','6',64),(65,'Diagnostic à valider: Complément relecture icongraphie','2',65),(66,'','3',66),(67,'Décision reportée','6',67),(68,'Diagnostic à valider: Complément relecture anapath','1',68),(69,'Diagnostic à valider: Complément relecture icongraphie','2',69),(70,'Mise en traitement','4',70),(71,'Diagnostic à valider: Complément relecture icongraphie','2',71),(72,'Surveillance','5',72),(73,'Diagnostic à valider: Complément relecture anapath','1',73),(74,'Diagnostic validé en RCP','0',74),(75,'Surveillance','5',75),(76,'Diagnostic à valider: Complément relecture icongraphie','2',76),(77,'Abstention thérapeutique','7',77),(78,'Abstention thérapeutique','7',78),(79,'Abstention thérapeutique','7',79),(80,'','3',80),(81,'Abstention thérapeutique','7',81),(82,'Diagnostic à valider: Complément relecture icongraphie','2',82),(83,'Diagnostic validé en RCP','0',83),(84,'','3',84),(85,'','3',85),(86,'Décision reportée','6',86),(87,'Abstention thérapeutique','7',87),(88,'Abstention thérapeutique','7',88),(89,'Diagnostic à valider: Complément relecture anapath','1',89),(90,'Surveillance','5',90),(91,'Abstention thérapeutique','7',91),(92,'Diagnostic à valider: Complément relecture icongraphie','2',92),(93,'Diagnostic à valider: Complément relecture icongraphie','2',93),(94,'Diagnostic à valider: Complément relecture anapath','1',94),(95,'Mise en traitement','4',95),(96,'Diagnostic à valider: Complément relecture icongraphie','2',96),(97,'Diagnostic à valider: Complément relecture anapath','1',97),(98,'Décision reportée','6',98),(99,'Abstention thérapeutique','7',99),(100,'Diagnostic à valider: Complément relecture icongraphie','2',100),(101,'Mise en traitement','4',101),(102,'Surveillance','5',102),(103,'Décision reportée','6',103),(104,'Mise en traitement','4',104),(105,'','3',105),(106,'Abstention thérapeutique','7',106),(107,'Diagnostic validé en RCP','0',107),(108,'Diagnostic validé en RCP','0',108),(109,'Diagnostic validé en RCP','0',109),(110,'Surveillance','5',110),(111,'Diagnostic à valider: Complément relecture anapath','1',111),(112,'Diagnostic à valider: Complément relecture icongraphie','2',112),(113,'Diagnostic à valider: Complément relecture anapath','1',113),(114,'Diagnostic validé en RCP','0',114),(115,'Diagnostic à valider: Complément relecture icongraphie','2',115),(116,'Décision reportée','6',116),(117,'Diagnostic à valider: Complément relecture anapath','1',117),(118,'Surveillance','5',118),(119,'Surveillance','5',119),(120,'Diagnostic à valider: Complément relecture anapath','1',120),(121,'Décision reportée','6',121),(122,'Diagnostic à valider: Complément relecture icongraphie','2',122),(123,'Surveillance','5',123),(124,'Abstention thérapeutique','7',124),(125,'Abstention thérapeutique','7',125),(126,'Diagnostic validé en RCP','0',126),(127,'Diagnostic à valider: Complément relecture icongraphie','2',127),(128,'Abstention thérapeutique','7',128),(129,'Mise en traitement','4',129),(130,'','3',130),(131,'','3',131),(132,'Décision reportée','6',132),(133,'','3',133),(134,'','3',134),(135,'Mise en traitement','4',135),(136,'Diagnostic à valider: Complément relecture icongraphie','2',136),(137,'Décision reportée','6',137),(138,'Surveillance','5',138),(139,'Décision reportée','6',139),(140,'Diagnostic à valider: Complément relecture icongraphie','2',140),(141,'Diagnostic validé en RCP','0',141),(142,'Abstention thérapeutique','7',142),(143,'Diagnostic validé en RCP','0',143),(144,'Décision reportée','6',144),(145,'Diagnostic à valider: Complément relecture icongraphie','2',145),(146,'Abstention thérapeutique','7',146),(147,'Mise en traitement','4',147),(148,'Décision reportée','6',148),(149,'Abstention thérapeutique','7',149),(150,'Diagnostic à valider: Complément relecture icongraphie','2',150),(151,'Décision reportée','6',151),(152,'Abstention thérapeutique','7',152),(153,'Mise en traitement','4',153),(154,'Surveillance','5',154),(155,'Mise en traitement','4',155),(156,'Diagnostic validé en RCP','0',156),(157,'Diagnostic validé en RCP','0',157),(158,'Diagnostic à valider: Complément relecture anapath','1',158),(159,'Diagnostic validé en RCP','0',159),(160,'Décision reportée','6',160),(161,'Diagnostic à valider: Complément relecture anapath','1',161),(162,'Diagnostic à valider: Complément relecture icongraphie','2',162),(163,'','3',163),(164,'','3',164),(165,'Mise en traitement','4',165),(166,'Mise en traitement','4',166),(167,'Décision reportée','6',167),(168,'Diagnostic validé en RCP','0',168),(169,'Surveillance','5',169),(170,'Mise en traitement','4',170),(171,'','3',171),(172,'Abstention thérapeutique','7',172),(173,'Décision reportée','6',173),(174,'Diagnostic à valider: Complément relecture icongraphie','2',174),(175,'Décision reportée','6',175),(176,'Surveillance','5',176),(177,'Diagnostic à valider: Complément relecture icongraphie','2',177),(178,'Diagnostic à valider: Complément relecture icongraphie','2',178),(179,'Surveillance','5',179),(180,'Abstention thérapeutique','7',180),(181,'Décision reportée','6',181),(182,'Décision reportée','6',182),(183,'Mise en traitement','4',183),(184,'Mise en traitement','4',184),(185,'Diagnostic à valider: Complément relecture icongraphie','2',185),(186,'Abstention thérapeutique','7',186),(187,'Abstention thérapeutique','7',187),(188,'Surveillance','5',188),(189,'Diagnostic à valider: Complément relecture anapath','1',189),(190,'Mise en traitement','4',190),(191,'','3',191),(192,'Diagnostic validé en RCP','0',192),(193,'Diagnostic validé en RCP','0',193),(194,'Diagnostic à valider: Complément relecture icongraphie','2',194),(195,'Diagnostic à valider: Complément relecture icongraphie','2',195),(196,'Diagnostic à valider: Complément relecture icongraphie','2',196),(197,'Surveillance','5',197),(198,'Surveillance','5',198),(199,'Mise en traitement','4',199),(200,'Mise en traitement','4',200),(201,'Diagnostic validé en RCP','0',201),(202,'Diagnostic validé en RCP','0',202),(203,'','3',203),(204,'Mise en traitement','4',204),(205,'Décision reportée','6',205),(206,'Diagnostic validé en RCP','0',206),(207,'Diagnostic validé en RCP','0',207),(208,'Surveillance','5',208),(209,'','3',209),(210,'Mise en traitement','4',210),(211,'Surveillance','5',211),(212,'Diagnostic validé en RCP','0',212),(213,'Diagnostic à valider: Complément relecture anapath','1',213),(214,'Mise en traitement','4',214),(215,'Abstention thérapeutique','7',215),(216,'Décision reportée','6',216),(217,'Mise en traitement','4',217),(218,'Diagnostic validé en RCP','0',218),(219,'Mise en traitement','4',219),(220,'Décision reportée','6',220),(221,'Décision reportée','6',221),(222,'Mise en traitement','4',222),(223,'','3',223),(224,'Abstention thérapeutique','7',224),(225,'Mise en traitement','4',225),(226,'Mise en traitement','4',226),(227,'Diagnostic à valider: Complément relecture anapath','1',227),(228,'Mise en traitement','4',228),(229,'Mise en traitement','4',229),(230,'Diagnostic à valider: Complément relecture icongraphie','2',230),(231,'Diagnostic validé en RCP','0',231),(232,'Diagnostic à valider: Complément relecture icongraphie','2',232),(233,'Surveillance','5',233),(234,'','3',234),(235,'Diagnostic à valider: Complément relecture icongraphie','2',235),(236,'Diagnostic à valider: Complément relecture anapath','1',236),(237,'Décision reportée','6',237),(238,'Diagnostic validé en RCP','0',238),(239,'Diagnostic validé en RCP','0',239),(240,'','3',240),(241,'Diagnostic validé en RCP','0',241),(242,'Diagnostic à valider: Complément relecture icongraphie','2',242),(243,'Abstention thérapeutique','7',243),(244,'Abstention thérapeutique','7',244),(245,'Surveillance','5',245),(246,'Diagnostic validé en RCP','0',246),(247,'Abstention thérapeutique','7',247),(248,'','3',248),(249,'Surveillance','5',249),(250,'Surveillance','5',250),(251,'','3',251),(252,'Diagnostic à valider: Complément relecture anapath','1',252),(253,'Surveillance','5',253),(254,'Diagnostic à valider: Complément relecture icongraphie','2',254),(255,'Diagnostic validé en RCP','0',255),(256,'','3',256),(257,'Surveillance','5',257),(258,'Diagnostic à valider: Complément relecture icongraphie','2',258),(259,'Décision reportée','6',259),(260,'Décision reportée','6',260),(261,'Mise en traitement','4',261),(262,'Mise en traitement','4',262),(263,'Abstention thérapeutique','7',263),(264,'Diagnostic à valider: Complément relecture icongraphie','2',264),(265,'Décision reportée','6',265),(266,'Diagnostic à valider: Complément relecture icongraphie','2',266),(267,'Diagnostic validé en RCP','0',267),(268,'Abstention thérapeutique','7',268),(269,'','3',269),(270,'Mise en traitement','4',270),(271,'Mise en traitement','4',271),(272,'Diagnostic à valider: Complément relecture icongraphie','2',272),(273,'Surveillance','5',273),(274,'Diagnostic à valider: Complément relecture icongraphie','2',274),(275,'','3',275),(276,'Diagnostic à valider: Complément relecture icongraphie','2',276),(277,'Décision reportée','6',277),(278,'Diagnostic validé en RCP','0',278),(279,'Diagnostic à valider: Complément relecture icongraphie','2',279),(280,'Décision reportée','6',280),(281,'Décision reportée','6',281),(282,'Abstention thérapeutique','7',282),(283,'','3',283),(284,'Décision reportée','6',284),(285,'Diagnostic validé en RCP','0',285),(286,'','3',286),(287,'Surveillance','5',287),(288,'Diagnostic à valider: Complément relecture icongraphie','2',288),(289,'Abstention thérapeutique','7',289),(290,'Mise en traitement','4',290),(291,'','3',291),(292,'Mise en traitement','4',292),(293,'Diagnostic à valider: Complément relecture icongraphie','2',293),(294,'Décision reportée','6',294),(295,'Diagnostic validé en RCP','0',295),(296,'Abstention thérapeutique','7',296),(297,'Abstention thérapeutique','7',297),(298,'Surveillance','5',298),(299,'','3',299),(300,'Diagnostic à valider: Complément relecture anapath','1',300),(301,'','3',301),(302,'Diagnostic validé en RCP','0',302),(303,'Surveillance','5',303),(304,'Surveillance','5',304),(305,'Diagnostic à valider: Complément relecture anapath','1',305),(306,'Surveillance','5',306),(307,'Surveillance','5',307),(308,'Mise en traitement','4',308),(309,'Diagnostic validé en RCP','0',309),(310,'Diagnostic à valider: Complément relecture icongraphie','2',310),(311,'Surveillance','5',311),(312,'','3',312),(313,'Abstention thérapeutique','7',313),(314,'Décision reportée','6',314),(315,'Diagnostic à valider: Complément relecture icongraphie','2',315),(316,'Surveillance','5',316),(317,'Surveillance','5',317),(318,'Surveillance','5',318),(319,'Mise en traitement','4',319),(320,'Surveillance','5',320),(321,'Décision reportée','6',321),(322,'Diagnostic à valider: Complément relecture anapath','1',322),(323,'Mise en traitement','4',323),(324,'Mise en traitement','4',324),(325,'Diagnostic à valider: Complément relecture anapath','1',325),(326,'Surveillance','5',326),(327,'Surveillance','5',327),(328,'Abstention thérapeutique','7',328),(329,'','3',329),(330,'Diagnostic à valider: Complément relecture anapath','1',330),(331,'Diagnostic validé en RCP','0',331),(332,'Décision reportée','6',332),(333,'Diagnostic validé en RCP','0',333),(334,'Mise en traitement','4',334),(335,'Surveillance','5',335),(336,'Surveillance','5',336),(337,'Diagnostic à valider: Complément relecture anapath','1',337),(338,'Décision reportée','6',338),(339,'Diagnostic à valider: Complément relecture icongraphie','2',339),(340,'Diagnostic à valider: Complément relecture anapath','1',340),(341,'Diagnostic à valider: Complément relecture anapath','1',341),(342,'Diagnostic à valider: Complément relecture icongraphie','2',342),(343,'Abstention thérapeutique','7',343),(344,'Diagnostic validé en RCP','0',344),(345,'Diagnostic à valider: Complément relecture anapath','1',345),(346,'Diagnostic validé en RCP','0',346),(347,'Abstention thérapeutique','7',347),(348,'Abstention thérapeutique','7',348),(349,'','3',349),(350,'Diagnostic à valider: Complément relecture icongraphie','2',350),(351,'Diagnostic à valider: Complément relecture icongraphie','2',351),(352,'Diagnostic à valider: Complément relecture anapath','1',352),(353,'Abstention thérapeutique','7',353),(354,'Diagnostic à valider: Complément relecture anapath','1',354),(355,'Abstention thérapeutique','7',355),(356,'Diagnostic à valider: Complément relecture icongraphie','2',356),(357,'Mise en traitement','4',357),(358,'Diagnostic à valider: Complément relecture anapath','1',358),(359,'','3',359),(360,'Surveillance','5',360),(361,'Diagnostic à valider: Complément relecture anapath','1',361),(362,'Diagnostic validé en RCP','0',362),(363,'Abstention thérapeutique','7',363),(364,'Décision reportée','6',364),(365,'','3',365),(366,'Surveillance','5',366),(367,'Décision reportée','6',367),(368,'Abstention thérapeutique','7',368),(369,'Abstention thérapeutique','7',369),(370,'Diagnostic à valider: Complément relecture anapath','1',370),(371,'Surveillance','5',371),(372,'','3',372),(373,'Mise en traitement','4',373),(374,'Mise en traitement','4',374),(375,'Diagnostic à valider: Complément relecture anapath','1',375),(376,'Diagnostic à valider: Complément relecture anapath','1',376),(377,'Diagnostic à valider: Complément relecture icongraphie','2',377),(378,'','3',378),(379,'Diagnostic validé en RCP','0',379),(380,'Diagnostic à valider: Complément relecture anapath','1',380),(381,'Abstention thérapeutique','7',381),(382,'Diagnostic à valider: Complément relecture icongraphie','2',382),(383,'Diagnostic à valider: Complément relecture icongraphie','2',383),(384,'Décision reportée','6',384),(385,'Diagnostic validé en RCP','0',385),(386,'Surveillance','5',386),(387,'Décision reportée','6',387),(388,'Mise en traitement','4',388),(389,'','3',389),(390,'Surveillance','5',390),(391,'Mise en traitement','4',391),(392,'Abstention thérapeutique','7',392),(393,'Diagnostic à valider: Complément relecture icongraphie','2',393),(394,'Décision reportée','6',394),(395,'Abstention thérapeutique','7',395),(396,'Diagnostic validé en RCP','0',396),(397,'','3',397);
/*!40000 ALTER TABLE `decision` ENABLE KEYS */;
UNLOCK TABLES;

--
-- Table structure for table `doctor`
--

DROP TABLE IF EXISTS `doctor`;
/*!40101 SET @saved_cs_client     = @@character_set_client */;
/*!40101 SET character_set_client = utf8 */;
CREATE TABLE `doctor` (
  `id` int(11) NOT NULL,
  `firstname` varchar(32) COLLATE utf8mb4_unicode_ci DEFAULT NULL,
  `lastname` varchar(32) COLLATE utf8mb4_unicode_ci DEFAULT NULL,
  `hospital` int(11) DEFAULT NULL,
  PRIMARY KEY (`id`),
  UNIQUE KEY `id` (`id`)
) ENGINE=InnoDB DEFAULT CHARSET=utf8mb4 COLLATE=utf8mb4_unicode_ci;
/*!40101 SET character_set_client = @saved_cs_client */;

--
-- Dumping data for table `doctor`
--

LOCK TABLES `doctor` WRITE;
/*!40000 ALTER TABLE `doctor` DISABLE KEYS */;
INSERT INTO `doctor` VALUES (1,'Silvia','Eibl',47),(2,'Nadja','Schießl',123),(3,'Achim','Detsch',119),(4,'Amanda','Müller',179),(5,'Valentin','Raab',95),(6,'Sina','Schwarz',166),(7,'Marlene','Ingelmann',20),(8,'Manuel','Schmidt',87),(9,'Berthold','Schenk',23),(10,'Lisa','Leutgeb',99),(11,'Albrecht','Fiegler',23),(12,'Leonhard','Träger',55),(13,'Alois','Träger',3),(14,'Helena','Hohenwarter',100),(15,'Basti','Peter',2),(16,'Bibi','Engel',196),(17,'Jessica','Ahrens',1),(18,'Maria','Fenzl',86),(19,'Caspar','Schmidt',154),(20,'Eckard','Wucherpfennig',69),(21,'Edeltrud','Schießl',64),(22,'Sarah','Rauch',199),(23,'Udo','Fuchs',19),(24,'Emil','Mindl',174),(25,'Baptist','Ortner',14),(26,'Berta','Stadler',34),(27,'Theresa','Jansen',168),(28,'Albrecht','Luff',33),(29,'Jakob','Zwierz',50),(30,'Maria','Spannbauer',97),(31,'Miriam','Eder',47),(32,'Judith','Grünberger',150),(33,'Albrecht','Mertl',162),(34,'Anna','Celik',198),(35,'Katja','Eder',89),(36,'IvoneJacqueline','Ascher',165),(37,'Simon','Christmann',55),(38,'Barbara','Ortner',80),(39,'Malte','Edinger',172),(40,'Natascha','Toto',85),(41,'Volker','Liebl',82),(42,'Severin','Mertl',186),(43,'Leonhard','Weißhäupl',153),(44,'Robert','Clemens',106),(45,'Anja','Wagner',92),(46,'Markus','Holzbauer',59),(47,'Moritz','Möller',150),(48,'Jessica','Thoma',116),(49,'Sebastian','Duschl',78),(50,'Stella','Klein',72),(51,'Aurelia','Schönberger',93),(52,'Olaf','Becker',187),(53,'Noah','Toto',146),(54,'Pascal','Els',7),(55,'Andreas','Ahrens',26),(56,'Wilhelm','Rauch',150),(57,'Dominik','Collet',91),(58,'Angelika','Becker',151),(59,'Natascha','Obermüller',79),(60,'Berta','Huber',153),(61,'Bernhard','Braun',76),(62,'Anja','Finnemann',43),(63,'Agnes','Leutgeb',193),(64,'Aurelia','Hagen',110),(65,'Aaron','Kottmann',133),(66,'Daphne','Gais',145),(67,'Konrad','Wucherpfennig',106),(68,'Dieter','Mindl',130),(69,'PiaOdette','Illner',164),(70,'Brigitte','Wolf',158),(71,'Adrian','Ernst',106),(72,'Basti','Engel',31),(73,'Berthold','Lange',157),(74,'Christa','Mertl',62),(75,'Charlotte','Reischl',33),(76,'Amelie','Schießl',45),(77,'Heinrich','Junk',115),(78,'Beate','Christoffel',4),(79,'Madeleine','Krause',49),(80,'Stella','Raab',1),(81,'Adolf','Madl',185),(82,'Ines','Biebl',105),(83,'Sarah','Mertl',69),(84,'Birgit','Götz',97),(85,'Agathe','Luff',111),(86,'Rudi','Färber',121),(87,'Benjamin ','Falkner',145),(88,'Immanuel','Imle',158),(89,'Alois','Donia',84),(90,'Gabriel','Nigl',24),(91,'Angelika','Koch',116),(92,'Felix','Haas',76),(93,'Rudi','Els',112),(94,'Abraham','Tritz',24),(95,'Jimmy','Pongratz',18),(96,'KristinLaura','Damberger',136),(97,'Irmgart','Prescher',193),(98,'Rudi','Uhrmann',129),(99,'Paula','Junk',152),(100,'Walter','Tunnis',132),(101,'Michael','Illner',3),(102,'Delia','Gais',131),(103,'Ulrike','Windorfer',112),(104,'EvelynFabienne','Weiß',158),(105,'Robert','Schäfer',195),(106,'Jasmin','Nowak',141),(107,'Madeleine','Jenner',75),(108,'Martin','Ortner',195),(109,'Nadja','Rodler',1),(110,'Manuel','Obermüller',146),(111,'Elisabeth','Öhler',50),(112,'Lisa','Clemens',179),(113,'Elisabeth','Haas',48),(114,'Adam','Götz',108),(115,'Albrecht','Niedermeier',188),(116,'Linda','Weißhäupl',47),(117,'Alfons','Braun',96),(118,'Ulrike','Windorfer',94),(119,'Anke','Schießl',50),(120,'Babsi','Donia',85),(121,'Daphne','Wolf',159),(122,'GünterHannes','Winkler',151),(123,'Ferdinand','Windorfer',138),(124,'Walter','Peter',39),(125,'Cornelia','Jung',166),(126,'Peter','Richter',1),(127,'Nadine','Nigl',185),(128,'IvoneJacqueline','Edelmann',134),(129,'Bernhard','Biebl',9),(130,'Aurelia','Eder',82),(131,'Kerstin','Tritz',105),(132,'Leon','Winkler',60),(133,'Bibi','Watzl',117),(134,'OttoPaul','Nowak',24),(135,'Oskar','Koch',101),(136,'Markus','Celik',54),(137,'Maria','Raab',30),(138,'Dagobert','Schießl',54),(139,'Jennifer','Gutsmiedl',40),(140,'Viktoria','Müller',160),(141,'Dominik','Winter',88),(142,'Elisabeth','Jäger',41),(143,'Theresa','Bumberger',177),(144,'Delia','Weber',183),(145,'Dennis','Jensen',130),(146,'Petra','Schneider',72),(147,'Felix','Woltering',154),(148,'Delia','Collet',18),(149,' Astrid','Blechinger',100),(150,' Astrid','Finnemann',72),(151,'Carolin','Ingelmann',141),(152,'IvoneJacqueline','Detsch',71),(153,'Daphne','Putz',70),(154,'Florian','Wagner',147),(155,'Nadja','Raab',57),(156,'Alfred','Völtl',61),(157,'Leon','Möller',161),(158,'Alfons','Bergmann',172),(159,'Nina','Waschinger',131),(160,'Heike','Stadler',115),(161,'Michael','Weißhäupl',90),(162,'Simon','Fuchs',107),(163,'Paula','Illing',144),(164,'Armin','Imle',35),(165,'Sarah','Peter',12),(166,'Nicole','Edinger',156),(167,'Leila','Tunnis',10),(168,'Bruno','Clemens',63),(169,'Benjamin ','Losch',184),(170,'Katrin','Weber',51),(171,'Stella','Wallisch',37),(172,'Miriam','Braun',24),(173,'Alfons','Obermüller',132),(174,'Valerie','Pöschl',184),(175,'Calvin','Bauer',130),(176,'Valentin','Donia',154),(177,'Katharina','Schmidt',29),(178,'Dieter','Edelmann',59),(179,'Caspar','Götz',70),(180,'Nathalie','Dick',120),(181,'Nadine','Luff',187),(182,'Rosanna','Binder',194),(183,'Oliver','Jansen',143),(184,'Eva','Christoffel',113),(185,'Valerie','Ortner',155),(186,'Bertram','Thiel',146),(187,'Anne','Ilinser',31),(188,'Lena','Schulz',142),(189,'Roman','Bergmann',130),(190,'RudolfSamuel','Donia',181),(191,'Alexander','Madl',68),(192,'Franz','Decker',196),(193,'Alois','Toto',176),(194,'Albert','Tunnis',72),(195,'Vivien','Iven',147),(196,'Cindy','Holzbauer',7),(197,'Matthias','Gruber',155),(198,'Herbert','Prescher',135),(199,'Cindy','Reischl',1),(200,'Robin','Jensen',86),(201,'Paula','Altendorfer',66),(202,'Daniel','Bumberger',1),(203,'Anna','Christmann',125),(204,'Theresa','Ingelmann',151),(205,'Hermann','Jenner',96),(206,'Kevin','Braun',16),(207,'Luisa','Mindl',81),(208,'Matthias','Jungmann',36),(209,'Bibi','Stögbauer',82),(210,'Severin','Meyer',197),(211,'Sarah','Weißhäupl',40),(212,'Dietrich','Finnemann',193),(213,'Tina','Becker',78),(214,'Manuel','Altendorfer',192),(215,'Anke','Ernst',103),(216,'Irmgart','Klein',65),(217,'Dietrich','Donia',141),(218,'Bruno','Krüger',1),(219,'Eckard','Koch',71),(220,'Vivien','Hannak',61),(221,'Angelika','Wucherpfennig',18),(222,'Benedikt','Kottmann',117),(223,'Engelbert','Braun',180),(224,'Amelie','Imle',1),(225,'Eckard','Raab',49),(226,'Tamara','Illner',16),(227,'Valerie','Jackob',93),(228,'Angela ','Jungmann',158),(229,'Katja','Ingelmann',176),(230,'Daphne','Zwierz',67),(231,'Corinna','Iven',58),(232,'Hans','Prescher',178),(233,'Gisela','Färber',171),(234,'Niklas','Donia',185),(235,'Vivien','Fiegler',115),(236,'Alfred','Neumann',186),(237,'Rosanna','Eibl',157),(238,'Lena','Ahrens',121),(239,'Konrad','Uhrmann',79),(240,'Robert','Richter',180),(241,'Thomas','Babl',162),(242,'Robin','Blößl',83),(243,'Daniel','Schönberger',166),(244,'Thomas','Richter',9),(245,'Wolfgang','Jenner',161),(246,'Adrian','Lange',192),(247,'Bernhard','Jensen',194),(248,'Natascha','Haas',34),(249,'Engelbert','Ortner',143),(250,'Hans','Fiegler',78),(251,'Udo','Ilinser',34),(252,'Joshua','Watzl',178),(253,'Melissa','Damberger',83),(254,'Julian','Koch',108),(255,'Theresa','Kämmerer',28),(256,'Noah','Krüger',57),(257,'Barthold','Öhler',124),(258,'Luca','Arndt',145),(259,'Fabian','Ascher',59),(260,'Viktoria','Uhlig',100),(261,'Angelika','Kämmerer',67),(262,'Corinna','Illing',149),(263,'Oskar','Detsch',191),(264,'Pascal','Mindl',150),(265,'Albrecht','Bumberger',80),(266,'Alexander','Baum',113),(267,'Cornelia','Zwierz',164),(268,'Jimmy','Koch',56),(269,'Hans','Zellner',104),(270,'Melissa','Finnemann',26),(271,'Franz','Becker',45),(272,'Moritz','Färber',142),(273,'SusanneRebecca','Nowak',80),(274,'Bärbel','Blechinger',181),(275,'Dagmar','Hagen',149),(276,'Helga','Stemp',71),(277,'Helena','Braun',83),(278,'Amelie','Arndt',112),(279,'Sophie','Zillner',113),(280,'Raphael','Hannak',185),(281,'Corinna','Koch',61),(282,'Vincent','Schießl',70),(283,'Barthold','Falkner',30),(284,'Wolfgang','Binder',36),(285,'Eckard','Binder',95),(286,'Kerstin','Schäfer',128),(287,'Joshua','Engel',146),(288,'Tamara','Josch',1),(289,'Udo','Dohler',55),(290,'Theresa','Mindl',31),(291,'Christina','Uhrmann',21),(292,'Alfons','Fiegler',75),(293,'Niklas','Winter',181),(294,'Uwe','König',71),(295,'Helga','Süß',36),(296,'Alfons','Blößl',169),(297,'Lea','Tunnis',63),(298,'Melanie','Junk',104),(299,'Valerie','Gruber',179),(300,'Albert','Prescher',167),(301,'Bärbel','Wagner',135),(302,'Alfred','Imle',1),(303,'Hanna','Decker',177),(304,'Nathalie','Stögbauer',84),(305,'Vanessa','Meyer',182),(306,'Wolfgang','Detsch',25),(307,'Florian','Schönberger',93),(308,'Angela ','Thoma',12),(309,'Delia','Schneider',152),(310,'Adam','Mertl',66),(311,'Markus','Wolf',82),(312,'Apollonia','Uhlig',137),(313,'Nathalie','Eibl',183),(314,'Melissa','Christoffel',180),(315,'David','Dick',14),(316,'Emanuel','Peter',156),(317,'Carolin','Uhrmann',134),(318,'Calvin','Thiel',193),(319,'Benno','Gais',44),(320,'Bernd','Zellner',168),(321,'Paula','Biebl',133),(322,'Stefan','Pöschl',18),(323,'Engelbert','Tritz',54),(324,'Christina','Thoma',157),(325,'Patrick','Detsch',34),(326,'Dagmar','Grünberger',16),(327,'Michelle','Arndt',50),(328,'Patricia','Els',158),(329,'Nadine','Josch',76),(330,'Markus','Finnemann',100),(331,'Sabina','Niedermeier',19),(332,'Valentin','König',6),(333,'Isolde','Hohenwarter',64),(334,'Nils','Jensen',56),(335,'Rosanna','Hagen',146),(336,'Karl','Koch',174),(337,'Heike','Richter',153),(338,'Ulrich','Clemens',16),(339,'Vincent','Theis',96),(340,'Bernhard','Dohler',195),(341,'Basti','Oberneder',142),(342,'Valentin','Edinger',156),(343,'Christoph','Schmöller',47),(344,'Birgit','Woltering',166),(345,'Albert','Hagen',182),(346,'Dorothea','Binder',135),(347,'Berthold','Brand',195),(348,'Charlotte','Tausch',41),(349,'Barbara','Jackob',193),(350,'Nadine','Krüger',164),(351,'Emanuel','Collet',5),(352,'Dustin','Schulz',8),(353,'Heike','Illner',86),(354,'Achim','Mertl',15),(355,'Sabina','Wagner',136),(356,'Dieter','Gutsmiedl',50),(357,'Christoph','Ingelmann',103),(358,'Tamara','Bergmann',62),(359,'Benno','Calmes',118),(360,'Rudi','Eder',194),(361,'GünterHannes','Gais',162),(362,'Anja','Dick',59),(363,'Noah','Oberneder',89),(364,'Robin','Clemens',141),(365,'Carina','Wallisch',114),(366,'Uwe','Biebl',151),(367,'Gabriel','Oberneder',97),(368,'Martin','Traxinger',186),(369,'Dustin','Obermüller',12),(370,'Constantin','Ahrens',24),(371,'Lena','Uhlig',59),(372,'Franz','Decker',116),(373,'KristinLaura','Hohenwarter',84),(374,'Abraham','Schmöller',83),(375,'Wilhelm','Zillner',78),(376,'Patrick','Els',3),(377,'Nicole','Jäger',121),(378,'Barbara','Oberneder',177),(379,'Hermann','Stögbauer',27),(380,'Rudi','Weber',174),(381,'Florian','Eder',178),(382,'Luca','Ortner',143),(383,'Adam','Rodler',86),(384,'Uwe','Josch',70),(385,'Leonhard','Leutgeb',77),(386,'Beate','Falkner',101),(387,'Tina','Asen',140),(388,'Corinna','Winkler',88),(389,'Heinrich','Waschinger',26),(390,'Uwe','Hansen',177),(391,'Anna','Edinger',146),(392,'Chiara','Ibold',112),(393,'Isabel','Huber',50),(394,'Carina','Träger',157),(395,'Luisa','König',145),(396,'Rudi','Jäger',22),(397,'Helga','Fenzl',122),(398,'Petra','Josch',184),(399,'Kevin','Damberger',50),(400,'Michael','Seibold',97),(401,'Adam','Schießl',119),(402,'Christian','Wolf',185),(403,'Robert','Weber',82),(404,'Emanuel','Detsch',198),(405,'Rosanna','Wolf',74),(406,'Isabel','Thierbach',138),(407,'Betina','Karl',170),(408,'Achim','Wucherpfennig',33),(409,'Anne','Detsch',48),(410,'Bertram','Illner',65),(411,'Marlene','Altendorfer',18),(412,'Dietrich','Obermüller',19),(413,'Dieter','Immersberger',106),(414,'Jennifer','Binder',75),(415,'Jonas','Kämmerer',119),(416,'Beate','Klein',11),(417,'Lena','Eder',108),(418,'Edeltrud','Imle',124),(419,'Helga','Ingelmann',41),(420,'Hanna','Junk',37),(421,'Bianka','Schwarz',7),(422,'Severin','Collet',26),(423,'Delia','Donia',66),(424,'Peter','Els',101),(425,'Jakob','Els',158),(426,'Simon','Zillner',191),(427,'Benjamin ','Rehberger',93),(428,'Josef','Bumberger',177),(429,'Vincent','Gutsmiedl',136),(430,'Wilhelm','Jenner',197),(431,'Albrecht','Windorfer',100),(432,'Eva','Mindl',94),(433,'Beate','Falkner',168),(434,'Olaf','Jensen',107),(435,'Helena','Krüger',63),(436,' Astrid','Möller',197),(437,'Simon','Watzl',70),(438,'Jimmy','Woltering',4),(439,'FranziskaGertrud','Herrmann',43),(440,'Simon','Christoffel',101),(441,'Severin','Edinger',197),(442,'Patricia','Hannak',81),(443,'Johannes','Eckert',122),(444,'Udo','Wallisch',20),(445,'Manuel','Völtl',104),(446,'Gabriel','Schulz',150),(447,'Sabina','Herrmann',112),(448,'Carmen','Freund',195),(449,'Gabriel','Holzbauer',16),(450,'Heike','Jäger',97),(451,'Adolf','Hohenwarter',112),(452,'Angela ','Edelmann',94),(453,'Tamara','Brand',7),(454,'Peter','Richter',163),(455,'Raphael','Mindl',35),(456,'Udo','Illing',106),(457,'Jennifer','Winter',188),(458,'Barthold','Dachs',172),(459,'Franz','Bergmann',188),(460,'Abraham','Luff',15),(461,'Barbara','Decker',15),(462,'Siegfried','Iven',177),(463,'OttoPaul','Baum',15),(464,'Kevin','Zellner',165),(465,'Agnes','Dick',190),(466,'Michelle','Braun',61),(467,'Valentin','Winkler',102),(468,'Miriam','Traxinger',1),(469,'Bibi','Christoffel',90),(470,'Eva','Jenner',159),(471,'Maria','Weber',139),(472,'Markus','Gais',103),(473,'Viktoria','Haas',191),(474,'Dietrich','Weiß',19),(475,'Sabina','Stadler',143),(476,'Raphael','Weber',3),(477,'FranziskaGertrud','Edelmann',15),(478,'Michael','Süß',1),(479,'Julian','Schießl',44),(480,'Natascha','Braun',88),(481,'Vivien','Götz',78),(482,'IvoneJacqueline','Jensen',3),(483,'Simon','Ernst',127),(484,'Andreas','Watzl',83),(485,'Kerstin','Thierbach',151),(486,'Detlev','Putz',39),(487,'Engelbert','Schmöller',35),(488,'Antonia','Ortner',27),(489,'Adrian','Edelmann',133),(490,'Judith','Windorfer',132),(491,'Philipp','Schönberger',34),(492,'Maximilian','Becker',29),(493,'Matthias','Baum',31),(494,'Vincent','Hohenwarter',51),(495,'EvelynFabienne','Klein',39),(496,'Anja','Becker',108),(497,'Corinna','Grünberger',154),(498,'Dagmar','Schäfer',192),(499,'Corinna','Wucherpfennig',95),(500,'Betina','Imle',25),(501,'Anne','Weiß',15),(502,'Dennis','Jäger',76),(503,'Eva','Schmidt',26),(504,'Albrecht','Putz',193),(505,'Adam','Götz',39),(506,'Bryan','Brand',197),(507,'Alexander','Bergmann',136),(508,'Udo','Decker',174),(509,'Nadja','Liebl',191),(510,'Patricia','Hannak',101),(511,'Philipp','Mertl',73),(512,'Jimmy','Bumberger',65),(513,'Jakob','Niedermeier',5),(514,'Niklas','Fiegler',195),(515,'Bibi','Luff',158),(516,'Anna','Winter',64),(517,'Jakob','Weiß',127),(518,'Konrad','Ahrens',196),(519,'Lena','Schießl',69),(520,'Nils','Winkler',123),(521,'Verena','Decker',68),(522,'Basti','Traxinger',120),(523,'Vanessa','Imle',184),(524,'IvoneJacqueline','Krüger',189),(525,'IvoneJacqueline','Igler',67),(526,'Andreas','Tausch',93),(527,'Niklas','Hansen',88),(528,'Adrian','Gais',124),(529,'Severin','Gruber',166),(530,'Theresa','Imle',108),(531,'Achim','Berlinger',141),(532,'Udo','Putz',19),(533,'Aaron','Binder',188),(534,'Jimmy','Weber',16),(535,'Baptist','Öhler',199),(536,'Axel','Duschl',181),(537,'Chiara','Zwierz',137),(538,'Adalbert','Edelmann',48),(539,'Jonas','Calmes',3),(540,'Helena','Igler',120),(541,'Babsi','Thiel',97),(542,'Gisela','Luff',171),(543,'Gabriel','Ernst',126),(544,'Nadja','Huber',6),(545,'Lena','Dohler',146),(546,'Alois','Immersberger',190),(547,'Patrick','Wucherpfennig',177),(548,'Elisabeth','Dachs',124),(549,'Berta','Edinger',183),(550,'Baptist','Waschinger',70),(551,'Konrad','Holzbauer',168),(552,'Katharina','Hagen',4),(553,'Nina','Mindl',158),(554,'RudolfSamuel','Immersberger',5),(555,'Pascal','Waschinger',141),(556,'Roman','Schwarz',146),(557,'Marius','Spannbauer',20),(558,'Apollonia','Windorfer',116),(559,'Chiara','Möller',156),(560,'Delia','Nigl',20),(561,'Constantin','Liebl',67),(562,'Christian','Ibold',89),(563,'Apollonia','Färber',135),(564,'Sarah','Donia',59),(565,'Bruno','Schenk',14),(566,'Dagmar','Richter',39),(567,'Petra','Peter',72),(568,'Anja','Grünberger',132),(569,'Benedikt','Finnemann',68),(570,'Hans','Braun',122),(571,'Julian','Weißhäupl',98),(572,'Baptist','Meyer',7),(573,'Ines','Nigl',108),(574,'Paula','Stögbauer',172),(575,'Ursula','Nigl',109),(576,'Julian','Träger',95),(577,'Abraham','Eder',87),(578,'Luca','Carl',77),(579,'Carolin','Donia',55),(580,'Tamara','Tritz',181),(581,'Elisabeth','Josch',130),(582,'EvelynFabienne','Becker',188),(583,'Antonia','Dachs',185),(584,'Leonhard','Baum',39),(585,'Florian','Schulz',56),(586,'Brigitte','Asen',71),(587,'Lilly','Madl',158),(588,'IvoneJacqueline','Götz',34),(589,'Volker','Berlinger',196),(590,'Patricia','Jensen',80),(591,'Leila','Färber',108),(592,'Albrecht','Gais',9),(593,'Christoph','Fischer',37),(594,'Valerie','Brand',80),(595,'Gerhard','Ernst',174),(596,'Vanessa','Illner',155),(597,'Adrian','Krüger',160),(598,'Vincent','Junk',194),(599,'Hans','Brand',188),(600,'Magdalena','Ewen',166),(601,'Madeleine','Celik',1),(602,'Linda','Binder',91),(603,'Corinna','Illing',22),(604,'Christa','Bergmann',184),(605,'Kevin','Dachs',114),(606,'Achim','Jung',109),(607,'Berthold','Bumberger',100),(608,'Calvin','Jansen',23),(609,'IvoneJacqueline','Donia',50),(610,'Alfons','Gruber',111),(611,'Rita','Bergmann',163),(612,'Emil','Altendorfer',185),(613,'Elisabeth','Holzbauer',141),(614,'Rita','Herrmann',174),(615,'Miriam','Igler',1),(616,'Kerstin','Jackob',150),(617,'Helena','Madl',98),(618,'Rosanna','Braun',23),(619,'Babsi','Berlinger',37),(620,'Philipp','Ingelmann',66),(621,'Rosanna','Clemens',116),(622,'Alexander','Pauli',86),(623,'Anja','Grünberger',86),(624,'Heinrich','Arndt',110),(625,'Nadine','Koch',193),(626,'Betina','Engel',97),(627,'Viktoria','Fuchs',153),(628,'Agathe','Thoma',47),(629,'Alfred','Klein',154),(630,'Sarah','Putz',124),(631,'Alois','Jäger',12),(632,'Alice','Schönberger',59),(633,'Nadja','Kopp',93),(634,'Basti','Tunnis',142),(635,'Ulrike','Eder',28),(636,'Hanna','Holzbauer',179),(637,'Timo','Hohenwarter',115),(638,'Sebastian','Ahrens',30),(639,'Doris','Lange',152),(640,'Bärbel','Träger',188),(641,'Jasmin','Waschinger',96),(642,'Antonia','Ortner',116),(643,'Johannes','Losch',171),(644,'Christa','Winter',116),(645,'Bertram','Leutgeb',151),(646,'Emil','Braun',143),(647,'Sebastian','Blößl',115),(648,'Vivien','Arndt',18),(649,'Jasmin','Illing',110),(650,'Nadja','Zwierz',183),(651,'Natascha','Illing',129),(652,'Heike','Dick',136),(653,'Adrian','Detsch',110),(654,'Christoph','Jensen',179),(655,'David','Schulz',104),(656,'Roman','Thierbach',148),(657,'Timo','Bergmann',186),(658,'Antonia','Peter',22),(659,'Dieter','Gruber',168),(660,'Dieter','Binder',4),(661,'Florian','Brand',187),(662,'Madeleine','Peter',67),(663,'Julian','Junk',134),(664,'Delia','Holzbauer',44),(665,'Adam','Lange',88),(666,'Matthias','Rodler',180),(667,'Doris','Wolf',15),(668,'Julian','Haas',101),(669,'Daphne','Thiel',22),(670,'Adalbert','Wolf',26),(671,'Antonia','Götz',93),(672,'Matthias','Schneider',90),(673,'Anne','Karl',120),(674,'Katja','Koch',83),(675,'Abraham','Schönberger',49),(676,'Isolde','Oberneder',185),(677,'Carina','Luff',55),(678,'Adolf','Uhrmann',102),(679,'Miriam','Ammerl',57),(680,'Bärbel','Jäger',77),(681,'Carolin','Donia',5),(682,'Delia','Arndt',91),(683,'Axel','Woltering',134),(684,'Leila','Ingelmann',18),(685,'Jessica','Josch',122),(686,'Berthold','Götz',147),(687,'Detlev','Möller',53),(688,'Felix','Fenzl',151),(689,'Cornelia','Leutgeb',9),(690,'Christina','Kittl',7),(691,'Vanessa','Stögbauer',111),(692,'Gabriel','Obermüller',29),(693,'Alfred','Edelmann',111),(694,'Rosanna','Losch',52),(695,'Petra','Eder',69),(696,'Alice','Christmann',9),(697,'Alfons','Fischer',116),(698,'Berta','Fuchs',32),(699,'Angela ','Brand',136),(700,'Dorothea','Becker',41),(701,'Elisabeth','Träger',61),(702,'Maximilian','Ammerl',32),(703,'Madeleine','Els',125),(704,'Cindy','Rehberger',138),(705,'Gustav','Götz',56),(706,'Lilly','Weber',174),(707,'Joshua','Uhlig',66),(708,'Birgit','König',33),(709,'FranziskaGertrud','Völtl',112),(710,'Vivien','Pongratz',153),(711,'Julia','Ortner',179),(712,'Anja','Kottmann',117),(713,'Constantin','Jensen',180),(714,'Leila','Jansen',106),(715,'Franz','Krause',104),(716,'Volker','Schmidt',167),(717,'Detlev','Klein',106),(718,'Delia','Fiegler',119),(719,'EvelynFabienne','Schmidt',96),(720,'Maximilian','Clemens',157),(721,'Elisa','Ingelmann',186),(722,'Leila','Ahrens',70),(723,'Gerhard','Waschinger',78),(724,'Thomas','Christmann',53),(725,'Abraham','Collet',41),(726,'Moritz','Herrmann',102),(727,'Beate','Tunnis',56),(728,'Hanna','Stadler',96),(729,'Vincent','Völtl',95),(730,'Ulrich','Putz',38),(731,'Nina','Watzl',188),(732,'Leonhard','Uhrmann',68),(733,'Albert','Ilinser',167),(734,'Berthold','Toto',25),(735,'Robert','Oberneder',23),(736,'Oskar','Christoffel',45),(737,'Tamina','Binder',75),(738,'PiaOdette','Prescher',116),(739,'Linda','Edelmann',191),(740,'Christa','Losch',132),(741,'Vanessa','Weißhäupl',143),(742,'Rosanna','Rodler',91),(743,'Uwe','Fenzl',56),(744,'Antonia','Donia',85),(745,'Bernhard','Fenzl',123),(746,'Ursula','Koch',4),(747,'Ines','Eder',36),(748,'Isolde','Liebl',120),(749,'Daniel','Woltering',31),(750,'Anne','Zwierz',172),(751,'Martin','Donia',71),(752,'Agnes','Schäfer',5),(753,'Albrecht','Uhlig',183),(754,'Madeleine','Pöschl',100),(755,'Cornelia','Hohenwarter',161),(756,'Bruno','Christoffel',137),(757,'Wolfgang','Pauli',153),(758,'Albert','Traxinger',34),(759,'Niklas','Woltering',58),(760,'Jonas','Seibold',104),(761,'Abraham','Möller',128),(762,'Raphael','König',60),(763,'Leonhard','Neumann',22),(764,'Barbara','Kittl',35),(765,'Edeltrud','Baum',189),(766,'Bärbel','Gais',25),(767,'Bibi','Ibold',139),(768,'Gabriel','Holzbauer',31),(769,'Bibi','Spannbauer',184),(770,'Christoph','Fenzl',6),(771,'Sandra','Decker',90),(772,'Julia','Ernst',185),(773,'Corinna','Ascher',129),(774,'Matthias','Ortner',4),(775,'Ulf','Stemp',89),(776,'Thomas','Lange',82),(777,'Leon','Eibl',5),(778,'Wolfgang','Illner',179),(779,' Astrid','Junk',81),(780,'Raphael','Zillner',93),(781,'Simon','Putz',74),(782,'Roman','Prescher',121),(783,'Berthold','Thoma',93),(784,'Carmen','Rehberger',144),(785,'Herbert','Zellner',1),(786,'Birgit','Falkner',50),(787,'Doris','Koch',52),(788,'Maria','Fischer',75),(789,'Ferdinand','Weber',85),(790,'Anna','Schießl',57),(791,'Dirk','Duschl',162),(792,'Agathe','Celik',89),(793,'Cindy','Öhler',108),(794,'Isabel','Stögbauer',77),(795,'Kerstin','Edinger',137),(796,'Benedikt','Schönberger',173),(797,'Elisabeth','Clemens',86),(798,'Dietrich','Ewen',98),(799,'Ursula','Schießl',198),(800,'Dörthe','Oberneder',20),(801,'Magdalena','Schönberger',28),(802,'Christa','Toto',108),(803,'Aurelia','Fuchs',131),(804,'Jennifer','Madl',124),(805,'Gustav','Illner',16),(806,'Isabel','Illner',72),(807,'Agathe','Altendorfer',103),(808,'Benno','Süß',166),(809,'Betina','Kittl',87),(810,'Axel','Fenzl',45),(811,'Abraham','Duschl',136),(812,'Marlene','Winter',184),(813,'Albrecht','Raab',27),(814,'Angelika','Detsch',128),(815,'Rudi','Peter',148),(816,'Olaf','Celik',25),(817,'Timo','Krüger',174),(818,'OttoPaul','Nowak',147),(819,'Tanja','Haas',45),(820,'Noah','Els',192),(821,'Tina','König',137),(822,'Fabian','Jungmann',173),(823,'Matthias','König',182),(824,'Tobias','Karl',160),(825,'Anne','Holzbauer',113),(826,'Konrad','Biebl',185),(827,'Johannes','Oberhansl',79),(828,'Samira','Wagner',95),(829,'Dorothea','Ortner',130),(830,'Brigitte','Ortner',150),(831,'Dagobert','Lange',98),(832,'Berta','Braun',43),(833,'Alois','Niedermeier',86),(834,'Raphael','Hansen',56),(835,'Severin','Ewen',181),(836,'Bianka','Blößl',115),(837,'Sophie','Fiegler',108),(838,'Eva','Ernst',169),(839,'Jennifer','Götz',147),(840,'Cindy','Imle',150),(841,'Betina','Seibold',115),(842,'Engelbert','Edelmann',33),(843,'Isabel','Liebl',50),(844,'Alexander','Dachs',169),(845,'Jonas','Duschl',92),(846,'Nina','Tausch',96),(847,'Katharina','Losch',97),(848,'Cindy','Ingelmann',108),(849,'Alice','Duschl',181),(850,'Pascal','Weißhäupl',80),(851,'Bernd','Imle',29),(852,'Alfred','Nigl',140),(853,'Ulf','Karl',71),(854,'Amanda','Hohenwarter',179),(855,'Kerstin','Collet',53),(856,'Julian','Edinger',84),(857,'Konrad','Bumberger',7),(858,'Engelbert','Falkner',1),(859,'Bryan','Oberhansl',47),(860,'Abraham','Haas',193),(861,'Katharina','Fenzl',105),(862,'Moritz','Mindl',131),(863,'Christina','Biebl',115),(864,'Kevin','Schießl',35),(865,'Gerhard','Els',78),(866,'PiaOdette','Herrmann',49),(867,'Antonia','Seibold',7),(868,'Anne','Theis',151),(869,'Linda','Schäfer',75),(870,'Anne','Schönberger',64),(871,'Birgit','Waschinger',95),(872,'Kerstin','Tausch',3),(873,'Bruno','Huber',122),(874,'Lena','Fischer',193),(875,'Immanuel','Collet',19),(876,'Dörthe','Bauer',109),(877,'Jimmy','Krüger',85),(878,'Carolin','Nigl',73),(879,'Bruno','Jenner',78),(880,'Sophie','Jansen',55),(881,'Maximilian','Huber',31),(882,'Dennis','Kottmann',10),(883,'Herbert','Weiß',96),(884,'Thomas','Dachs',105),(885,'Jennifer','Färber',111),(886,'Noah','Luff',62),(887,'Alfons','Koch',37),(888,'Christian','Freund',81),(889,'Viktoria','Freund',42),(890,'Noah','Schulz',54),(891,'Rudi','Thoma',88),(892,'Nils','Schwarz',43),(893,'Gustav','Fischer',106),(894,'Miriam','Donia',34),(895,'Katrin','Blößl',97),(896,'Oliver','Koch',40),(897,'Berthold','Theis',158),(898,'Thomas','Dohler',58),(899,'Michelle','Stadler',72),(900,'Benjamin ','Huber',58),(901,'Barthold','Thiel',145),(902,'Alexis','Weißhäupl',16),(903,'Christa','Schmidt',45),(904,'Bertram','Schmidt',50),(905,'RudolfSamuel','Biebl',29),(906,'RudolfSamuel','Kopp',190),(907,'Detlev','Wagner',190),(908,'Barbara','Thoma',141),(909,'Miriam','Fischer',31),(910,'Leonhard','Carl',47),(911,'Cindy','Eibl',100),(912,'Roman','Jansen',137),(913,'Stella','Grünberger',74),(914,'Adolf','Völtl',166),(915,'Vivien','Richter',136),(916,'Andreas','Kopp',3),(917,'Martin','Reischl',144),(918,'Leila','Biebl',6),(919,'Helga','Freund',119),(920,'Amanda','Gutsmiedl',31),(921,'Betina','Ibold',58),(922,'Alfons','König',1),(923,'Robert','Schulz',98),(924,'Anne','Ewen',198),(925,'KristinLaura','Schäfer',141),(926,'Karl','Pauli',96),(927,'Angelika','Uhlig',65),(928,'Oliver','Eckert',3),(929,'Carolin','Weiß',119),(930,'Bryan','Toto',19),(931,'Manuel','Finnemann',143),(932,'Isabel','Stemp',93),(933,'Robin','Kopp',111),(934,'Tamara','Ascher',179),(935,'Dennis','Kittl',121),(936,'Abraham','Altendorfer',169),(937,'Lisa','Ernst',44),(938,'Daniel','Wagner',112),(939,'Engelbert','Christoffel',59),(940,'Nina','Mertl',86),(941,'Agathe','Decker',170),(942,'Sebastian','Jansen',152),(943,'Lisa','Schulz',49),(944,'Leila','Bergmann',29),(945,'Ines','Binder',194),(946,'Tamara','Thiel',43),(947,'Alice','Edelmann',38),(948,'Vanessa','Jung',79),(949,'Dagmar','Detsch',116),(950,'Anke','Pongratz',184),(951,'Bibi','Illner',9),(952,'Doris','Meyer',64),(953,'Cindy','Wallisch',79),(954,'Manuel','Süß',8),(955,'Agathe','Schulz',22),(956,'Nicole','Zillner',193),(957,'Julia','Grünberger',130),(958,'Ulrich','Gutsmiedl',198),(959,'Jonas','Edelmann',18),(960,'Ines','Krause',179),(961,'Ines','Hannak',188),(962,'RudolfSamuel','Braun',38),(963,'Bernd','Gutsmiedl',84),(964,'Noah','Schäfer',140),(965,'Axel','Rehberger',126),(966,'Berta','Niedermeier',1),(967,'Bianka','Losch',68),(968,'Vanessa','Leutgeb',198),(969,'Tamara','Stemp',60),(970,'Dennis','Herrmann',61),(971,'Jennifer','Koch',71),(972,'Barbara','Ammerl',45),(973,'Benjamin ','Blechinger',151),(974,'Silvia','Haas',64),(975,'Noah','Zellner',84),(976,'Betina','Götz',12),(977,'Heike','Jung',13),(978,'GünterHannes','Freund',7),(979,'Anke','Ingelmann',92),(980,'Heinrich','Reischl',112),(981,'Basti','Hagen',38),(982,'Marlene','Baum',166),(983,'Irmgart','Altendorfer',141),(984,'Isolde','Zwierz',171),(985,'Jasmin','Jackob',120),(986,'Anja','Jenner',164),(987,'IvoneJacqueline','Binder',56),(988,'Wolfgang','Krause',145),(989,'Alfred','Ilinser',104),(990,'Jessica','Losch',61),(991,'Linda','Götz',128),(992,'Dagmar','Bumberger',125),(993,'Daniel','Dohler',32),(994,'Johannes','Hansen',188),(995,'Dörthe','Decker',58),(996,'Pascal','Gais',119),(997,'Antonia','Eckert',106),(998,'Amelie','Peter',18),(999,'Timo','Braun',59),(1000,'Helena','Kittl',128);
/*!40000 ALTER TABLE `doctor` ENABLE KEYS */;
UNLOCK TABLES;

--
-- Table structure for table `doctor_participate_rcp`
--

DROP TABLE IF EXISTS `doctor_participate_rcp`;
/*!40101 SET @saved_cs_client     = @@character_set_client */;
/*!40101 SET character_set_client = utf8 */;
CREATE TABLE `doctor_participate_rcp` (
  `doctor` int(11) DEFAULT NULL,
  `rcp` int(11) DEFAULT NULL
) ENGINE=InnoDB DEFAULT CHARSET=utf8mb4 COLLATE=utf8mb4_unicode_ci;
/*!40101 SET character_set_client = @saved_cs_client */;

--
-- Dumping data for table `doctor_participate_rcp`
--

LOCK TABLES `doctor_participate_rcp` WRITE;
/*!40000 ALTER TABLE `doctor_participate_rcp` DISABLE KEYS */;
INSERT INTO `doctor_participate_rcp` VALUES (465,1),(480,2),(750,3),(705,4),(563,5),(69,6),(432,7),(130,8),(619,9),(219,10),(716,11),(453,12),(833,13),(192,14),(384,15),(605,16),(217,17),(626,18),(95,19),(361,20),(760,21),(631,22),(548,23),(640,24),(883,25),(205,26),(541,27),(921,28),(169,29),(422,30),(988,31),(196,32),(259,33),(627,34),(955,35),(8,36),(256,37),(591,38),(29,39),(634,40),(152,41),(144,42),(658,43),(385,44),(593,45),(333,46),(609,47),(363,48),(781,49),(556,50),(398,51),(712,52),(408,53),(443,54),(319,55),(588,56),(316,57),(460,58),(717,59),(587,60),(1,61),(383,62),(285,63),(351,64),(175,65),(773,66),(435,67),(435,68),(348,69),(574,70),(274,71),(275,72),(780,73),(770,74),(294,75),(286,76),(247,77),(802,78),(679,79),(701,80),(733,81),(126,82),(11,83),(746,84),(580,85),(825,86),(274,87),(140,88),(619,89),(691,90),(260,91),(721,92),(516,93),(567,94),(874,95),(203,96),(889,97),(1,98),(376,99),(671,100),(755,101),(500,102),(318,103),(460,104),(534,105),(740,106),(762,107),(478,108),(121,109),(79,110),(393,111),(875,112),(512,113),(684,114),(310,115),(192,116),(114,117),(345,118),(608,119),(767,120),(113,121),(806,122),(320,123),(242,124),(226,125),(58,126),(967,127),(458,128),(756,129),(583,130),(713,131),(885,132),(119,133),(974,134),(118,135),(39,136),(886,137),(714,138),(539,139),(955,140),(997,141),(132,142),(541,143),(932,144),(956,145),(748,146),(60,147),(212,148),(746,149),(254,150),(658,151),(165,152),(687,153),(360,154),(928,155),(852,156),(678,157),(640,158),(13,159),(551,160),(72,161),(253,162),(217,163),(947,164),(966,165),(149,166),(920,167),(177,168),(815,169),(941,170),(341,171),(910,172),(91,173),(145,174),(215,175),(899,176),(190,177),(890,178),(121,179),(250,180),(895,181),(521,182),(16,183),(751,184),(492,185),(754,186),(521,187),(181,188),(62,189),(148,190),(630,191),(460,192),(570,193),(707,194),(824,195),(891,196),(119,197),(387,198),(2,199),(478,200),(127,201),(88,202),(266,203),(516,204),(276,205),(508,206),(351,207),(217,208),(749,209),(873,210),(401,211),(113,212),(700,213),(134,214),(892,215),(407,216),(879,217),(689,218),(708,219),(198,220),(52,221),(79,222),(777,223),(760,224),(184,225),(374,226),(220,227),(637,228),(356,229),(187,230),(661,231),(353,232),(20,233),(314,234),(194,235),(951,236),(553,237),(41,238),(539,239),(423,240),(963,241),(44,242),(74,243),(320,244),(309,245),(642,246),(732,247),(480,248),(599,249),(862,250),(296,251),(860,252),(909,253),(447,254),(183,255),(934,256),(47,257),(426,258),(677,259),(950,260),(323,261),(347,262),(456,263),(647,264),(904,265),(593,266),(424,267),(677,268),(778,269),(477,270),(69,271),(88,272),(582,273),(967,274),(27,275),(689,276),(408,277),(948,278),(78,279),(29,280),(236,281),(919,282),(556,283),(19,284),(827,285),(890,286),(27,287),(937,288),(747,289),(41,290),(129,291),(661,292),(698,293),(386,294),(692,295),(507,296),(465,297),(291,298),(579,299),(970,300),(635,301),(196,302),(236,303),(1,304),(661,305),(310,306),(578,307),(179,308),(14,309),(354,310),(684,311),(322,312),(907,313),(653,314),(746,315),(570,316),(533,317),(24,318),(856,319),(998,320),(837,321),(914,322),(512,323),(127,324),(596,325),(211,326),(163,327),(506,328),(986,329),(992,330),(744,331),(699,332),(858,333),(205,334),(888,335),(599,336),(686,337),(988,338),(425,339),(978,340),(509,341),(854,342),(881,343),(580,344),(203,345),(457,346),(880,347),(859,348),(137,349),(53,350),(773,351),(687,352),(581,353),(22,354),(343,355),(956,356),(235,357),(40,358),(140,359),(16,360),(910,361),(572,362),(868,363),(349,364),(704,365),(368,366),(234,367),(658,368),(956,369),(544,370),(862,371),(848,372),(925,373),(678,374),(190,375),(979,376),(377,377),(22,378),(749,379),(333,380),(228,381),(624,382),(853,383),(219,384),(969,385),(638,386),(554,387),(961,388),(845,389),(565,390),(612,391),(828,392),(663,393),(525,394),(403,395),(306,396),(681,397),(890,398),(889,399),(224,400);
/*!40000 ALTER TABLE `doctor_participate_rcp` ENABLE KEYS */;
UNLOCK TABLES;

--
-- Table structure for table `doctor_treat_patient`
--

DROP TABLE IF EXISTS `doctor_treat_patient`;
/*!40101 SET @saved_cs_client     = @@character_set_client */;
/*!40101 SET character_set_client = utf8 */;
CREATE TABLE `doctor_treat_patient` (
  `doctor` int(11) DEFAULT NULL,
  `patient` int(11) DEFAULT NULL
) ENGINE=InnoDB DEFAULT CHARSET=utf8mb4 COLLATE=utf8mb4_unicode_ci;
/*!40101 SET character_set_client = @saved_cs_client */;

--
-- Dumping data for table `doctor_treat_patient`
--

LOCK TABLES `doctor_treat_patient` WRITE;
/*!40000 ALTER TABLE `doctor_treat_patient` DISABLE KEYS */;
INSERT INTO `doctor_treat_patient` VALUES (235,1),(798,2),(604,3),(64,4),(771,5),(772,6),(528,7),(371,8),(969,9),(210,10),(941,11),(296,12),(90,13),(235,14),(413,15),(910,16),(202,17),(653,18),(782,19),(898,20),(670,21),(691,22),(444,23),(315,24),(633,25),(777,26),(138,27),(533,28),(640,29),(874,30),(209,31),(593,32),(1,33),(150,34),(844,35),(800,36),(354,37),(967,38),(505,39),(421,40),(664,41),(285,42),(621,43),(759,44),(114,45),(548,46),(623,47),(729,48),(368,49),(59,50),(564,51),(287,52),(278,53),(661,54),(917,55),(717,56),(394,57),(258,58),(580,59),(817,60),(574,61),(343,62),(810,63),(515,64),(570,65),(247,66),(550,67),(267,68),(724,69),(240,70),(612,71),(897,72),(824,73),(994,74),(230,75),(203,76),(679,77),(157,78),(821,79),(717,80),(262,81),(936,82),(159,83),(540,84),(75,85),(682,86),(774,87),(11,88),(956,89),(431,90),(103,91),(333,92),(728,93),(215,94),(816,95),(927,96),(912,97),(786,98),(786,99),(452,100),(251,101),(41,102),(361,103),(910,104),(922,105),(83,106),(954,107),(202,108),(131,109),(300,110),(510,111),(832,112),(259,113),(319,114),(13,115),(184,116),(837,117),(962,118),(104,119),(966,120),(413,121),(567,122),(782,123),(938,124),(807,125),(186,126),(363,127),(12,128),(339,129),(173,130),(120,131),(193,132),(376,133),(657,134),(507,135),(567,136),(911,137),(209,138),(454,139),(747,140),(1,141),(783,142),(3,143),(750,144),(548,145),(682,146),(463,147),(296,148),(338,149),(843,150),(327,151),(873,152),(217,153),(229,154),(458,155),(759,156),(33,157),(483,158),(394,159),(364,160),(264,161),(295,162),(210,163),(894,164),(274,165),(127,166),(43,167),(345,168),(788,169),(16,170),(256,171),(265,172),(474,173),(217,174),(231,175),(558,176),(514,177),(324,178),(947,179),(848,180),(634,181),(353,182),(816,183),(547,184),(366,185),(975,186),(758,187),(846,188),(241,189),(721,190),(88,191),(293,192),(201,193),(525,194),(638,195),(491,196),(768,197),(411,198),(435,199),(709,200),(414,201),(464,202),(404,203),(903,204),(122,205),(500,206),(791,207),(680,208),(367,209),(10,210),(460,211),(293,212),(602,213),(994,214),(754,215),(572,216),(849,217),(307,218),(363,219),(74,220),(227,221),(11,222),(536,223),(387,224),(24,225),(991,226),(991,227),(666,228),(486,229),(814,230),(113,231),(988,232),(579,233),(396,234),(347,235),(54,236),(865,237),(544,238),(246,239),(70,240),(22,241),(857,242),(265,243),(410,244),(723,245),(785,246),(251,247),(801,248),(338,249),(870,250),(531,251),(300,252),(346,253),(314,254),(665,255),(320,256),(472,257),(83,258),(195,259),(314,260),(272,261),(649,262),(208,263),(494,264),(322,265),(373,266),(93,267),(138,268),(207,269),(260,270),(684,271),(637,272),(226,273),(471,274),(849,275),(391,276),(122,277),(564,278),(709,279),(100,280),(129,281),(904,282),(866,283),(762,284),(365,285),(49,286),(419,287),(912,288),(899,289),(220,290),(99,291),(262,292),(851,293),(157,294),(545,295),(895,296),(496,297),(741,298),(599,299),(626,300),(699,301),(788,302),(512,303),(939,304),(945,305),(335,306),(128,307),(185,308),(852,309),(522,310),(435,311),(346,312),(336,313),(946,314),(339,315),(734,316),(554,317),(947,318),(183,319),(439,320),(286,321),(860,322),(305,323),(228,324),(738,325),(682,326),(880,327),(840,328),(585,329),(961,330),(417,331),(322,332),(670,333),(979,334),(511,335),(111,336),(987,337),(449,338),(913,339),(86,340),(427,341),(4,342),(506,343),(675,344),(333,345),(775,346),(558,347),(431,348),(42,349),(161,350),(461,351),(193,352),(488,353),(764,354),(254,355),(43,356),(397,357),(80,358),(390,359),(826,360),(775,361),(182,362),(592,363),(888,364),(199,365),(127,366),(141,367),(53,368),(883,369),(214,370),(609,371),(578,372),(617,373),(550,374),(882,375),(977,376),(446,377),(616,378),(290,379),(160,380),(413,381),(621,382),(803,383),(290,384),(748,385),(510,386),(560,387),(115,388),(657,389),(397,390),(410,391),(324,392),(268,393),(68,394),(805,395),(626,396),(336,397);
/*!40000 ALTER TABLE `doctor_treat_patient` ENABLE KEYS */;
UNLOCK TABLES;

--
-- Table structure for table `hospital`
--

DROP TABLE IF EXISTS `hospital`;
/*!40101 SET @saved_cs_client     = @@character_set_client */;
/*!40101 SET character_set_client = utf8 */;
CREATE TABLE `hospital` (
  `id` int(11) NOT NULL,
  `place` varchar(64) COLLATE utf8mb4_unicode_ci DEFAULT NULL,
  `name` varchar(64) COLLATE utf8mb4_unicode_ci DEFAULT NULL,
  PRIMARY KEY (`id`),
  UNIQUE KEY `id` (`id`)
) ENGINE=InnoDB DEFAULT CHARSET=utf8mb4 COLLATE=utf8mb4_unicode_ci;
/*!40101 SET character_set_client = @saved_cs_client */;

--
-- Dumping data for table `hospital`
--

LOCK TABLES `hospital` WRITE;
/*!40000 ALTER TABLE `hospital` DISABLE KEYS */;
INSERT INTO `hospital` VALUES (1,'Bonn','Gemeinschaftsklinikum'),(2,'Erfurt','Gemeinschaftsklinikum'),(3,'Hagen','Gemeinschaftsklinikum'),(4,'Osnabrück','Short Care Clinic'),(5,'Münster','Short Care Clinic'),(6,'Bielefeld','Allgemeines Krankenhaus'),(7,'Hamburg','Caritas Krankenhaus'),(8,'Moers','Waldkrankenhaus'),(9,'Oldenburg','Unfallkrankenhaus'),(10,'Bremen','Caritas Krankenhaus'),(11,'Erfurt','Medizinische Hochschule'),(12,'Bonn','Klinikum Dahme-Spreewald'),(13,'Nürnberg','Klinikum Dahme-Spreewald'),(14,'München','Caritas Krankenhaus'),(15,'Bonn','Caritas Krankenhaus'),(16,'Magdeburg','Unfallkrankenhaus'),(17,'Bielefeld','Gemeinschaftsklinikum'),(18,'Cottbus','Klinik für Tumorbiologie'),(19,'Leverkusen','HELIOS'),(20,'Hannover','HELIOS'),(21,'Fürth','Short Care Clinic'),(22,'Augsburg','Waldkrankenhaus'),(23,'Mönchengladbach','Paracelsus Klinik'),(24,'Bielefeld','Klinikum Dahme-Spreewald'),(25,'Dresden','Waldkrankenhaus'),(26,'Halle','Unfallkrankenhaus'),(27,'Bielefeld','Allgemeines Krankenhaus'),(28,'Mainz','Medizinische Hochschule'),(29,'Mannheim','HELIOS'),(30,'Karlsruhe','HELIOS'),(31,'Leipzig','HELIOS'),(32,'Braunschweig','Waldkrankenhaus'),(33,'Chemnitz','Waldkrankenhaus'),(34,'Leipzig','Unfallkrankenhaus'),(35,'Jena','Klinikum Dahme-Spreewald'),(36,'Moers','HELIOS'),(37,'Wuppertal','Medizinische Hochschule'),(38,'Oldenburg','Caritas Krankenhaus'),(39,'Gelsenkirchen','Short Care Clinic'),(40,'Mönchengladbach','Short Care Clinic'),(41,'Hamburg','Allgemeines Krankenhaus'),(42,'Würzburg','Klinikum Dahme-Spreewald'),(43,'Leipzig','Waldkrankenhaus'),(44,'Remscheid','Caritas Krankenhaus'),(45,'Mannheim','Paracelsus Klinik'),(46,'Trier','Paracelsus Klinik'),(47,'Kassel','Gemeinschaftsklinikum'),(48,'Hannover','Klinik für Tumorbiologie'),(49,'Hamburg','Waldkrankenhaus'),(50,'Saarbrücken','Short Care Clinic'),(51,'Rostock','Medizinische Hochschule'),(52,'Oldenburg','Medizinische Hochschule'),(53,'München','Waldkrankenhaus'),(54,'Chemnitz','Paracelsus Klinik'),(55,'Heidelberg','Paracelsus Klinik'),(56,'Cottbus','Unfallkrankenhaus'),(57,'Fürth','HELIOS'),(58,'Nürnberg','Paracelsus Klinik'),(59,'Erlangen','Medizinische Hochschule'),(60,'Heilbronn','Gemeinschaftsklinikum'),(61,'Fürth','Gemeinschaftsklinikum'),(62,'Würzburg','HELIOS'),(63,'Lübeck','Klinikum Dahme-Spreewald'),(64,'Braunschweig','Klinik für Tumorbiologie'),(65,'Hagen','Klinikum Dahme-Spreewald'),(66,'Leipzig','Medizinische Hochschule'),(67,'Heidelberg','Klinikum Dahme-Spreewald'),(68,'Berlin','Short Care Clinic'),(69,'Mainz','Klinik für Tumorbiologie'),(70,'Darmstadt','Gemeinschaftsklinikum'),(71,'Aachen','Paracelsus Klinik'),(72,'Siegen','Klinikum Dahme-Spreewald'),(73,'Karlsruhe','Gemeinschaftsklinikum'),(74,'Kiel','Klinik für Tumorbiologie'),(75,'Köln','Paracelsus Klinik'),(76,'Krefeld','Paracelsus Klinik'),(77,'Würzburg','Waldkrankenhaus'),(78,'Potsdam','Allgemeines Krankenhaus'),(79,'Fürth','Gemeinschaftsklinikum'),(80,'Remscheid','Klinikum Dahme-Spreewald'),(81,'Leverkusen','Allgemeines Krankenhaus'),(82,'Krefeld','Medizinische Hochschule'),(83,'Kiel','Short Care Clinic'),(84,'Lübeck','Waldkrankenhaus'),(85,'Potsdam','Caritas Krankenhaus'),(86,'Essen','Klinikum Dahme-Spreewald'),(87,'Paderborn','Klinikum Dahme-Spreewald'),(88,'Erlangen','Klinikum Dahme-Spreewald'),(89,'Darmstadt','Klinikum Dahme-Spreewald'),(90,'Siegen','HELIOS'),(91,'Düsseldorf','HELIOS'),(92,'Paderborn','Unfallkrankenhaus'),(93,'Halle','Short Care Clinic'),(94,'Kassel','HELIOS'),(95,'Erfurt','HELIOS'),(96,'Braunschweig','Allgemeines Krankenhaus'),(97,'Hagen','Medizinische Hochschule'),(98,'Bielefeld','Caritas Krankenhaus'),(99,'Paderborn','HELIOS'),(100,'Dresden','Gemeinschaftsklinikum'),(101,'Duisburg','Unfallkrankenhaus'),(102,'Paderborn','HELIOS'),(103,'Kiel','Paracelsus Klinik'),(104,'Koblenz','HELIOS'),(105,'Lübeck','Klinik für Tumorbiologie'),(106,'Rostock','Klinik für Tumorbiologie'),(107,'Wiesbaden','Caritas Krankenhaus'),(108,'München','Unfallkrankenhaus'),(109,'Cottbus','Klinik für Tumorbiologie'),(110,'Essen','Unfallkrankenhaus'),(111,'Bonn','Klinikum Dahme-Spreewald'),(112,'Siegen','Klinik für Tumorbiologie'),(113,'Lübeck','HELIOS'),(114,'Bremen','Klinik für Tumorbiologie'),(115,'Koblenz','Caritas Krankenhaus'),(116,'Darmstadt','Allgemeines Krankenhaus'),(117,'Cottbus','Unfallkrankenhaus'),(118,'Mönchengladbach','Gemeinschaftsklinikum'),(119,'Frankfurt','Paracelsus Klinik'),(120,'Heilbronn','Klinik für Tumorbiologie'),(121,'Osnabrück','Medizinische Hochschule'),(122,'Aachen','Allgemeines Krankenhaus'),(123,'Wiesbaden','Caritas Krankenhaus'),(124,'Krefeld','HELIOS'),(125,'Regensburg','Waldkrankenhaus'),(126,'Saarbrücken','Unfallkrankenhaus'),(127,'Leipzig','Waldkrankenhaus'),(128,'Osnabrück','Allgemeines Krankenhaus'),(129,'Düsseldorf','Paracelsus Klinik'),(130,'Hamburg','Unfallkrankenhaus'),(131,'Trier','Allgemeines Krankenhaus'),(132,'Stuttgart','Waldkrankenhaus'),(133,'Moers','Klinik für Tumorbiologie'),(134,'Lübeck','Gemeinschaftsklinikum'),(135,'Hamburg','Waldkrankenhaus'),(136,'Nürnberg','Allgemeines Krankenhaus'),(137,'Bremen','Medizinische Hochschule'),(138,'Nürnberg','Allgemeines Krankenhaus'),(139,'Bonn','Allgemeines Krankenhaus'),(140,'Essen','Short Care Clinic'),(141,'Würzburg','Short Care Clinic'),(142,'Cottbus','Klinikum Dahme-Spreewald'),(143,'Würzburg','Medizinische Hochschule'),(144,'Darmstadt','Klinikum Dahme-Spreewald'),(145,'Kiel','Allgemeines Krankenhaus'),(146,'Wiesbaden','Short Care Clinic'),(147,'Potsdam','HELIOS'),(148,'Heidelberg','HELIOS'),(149,'Kassel','Caritas Krankenhaus'),(150,'Bochum','Caritas Krankenhaus'),(151,'Bremen','Paracelsus Klinik'),(152,'Chemnitz','HELIOS'),(153,'Moers','Short Care Clinic'),(154,'Rostock','Medizinische Hochschule'),(155,'Bochum','Allgemeines Krankenhaus'),(156,'Mainz','Medizinische Hochschule'),(157,'Mönchengladbach','Paracelsus Klinik'),(158,'Stuttgart','Waldkrankenhaus'),(159,'Kassel','Waldkrankenhaus'),(160,'Rostock','Caritas Krankenhaus'),(161,'Siegen','Klinik für Tumorbiologie'),(162,'Koblenz','HELIOS'),(163,'Hannover','Unfallkrankenhaus'),(164,'Dortmund','Unfallkrankenhaus'),(165,'Ulm','HELIOS'),(166,'Würzburg','Klinik für Tumorbiologie'),(167,'Bonn','Paracelsus Klinik'),(168,'Hamm','Klinikum Dahme-Spreewald'),(169,'Köln','HELIOS'),(170,'Halle','Paracelsus Klinik'),(171,'Augsburg','Paracelsus Klinik'),(172,'Potsdam','Klinik für Tumorbiologie'),(173,'Bremen','Allgemeines Krankenhaus'),(174,'Bonn','Medizinische Hochschule'),(175,'Duisburg','Medizinische Hochschule'),(176,'Osnabrück','Unfallkrankenhaus'),(177,'Ulm','Gemeinschaftsklinikum'),(178,'Wiesbaden','Allgemeines Krankenhaus'),(179,'München','Paracelsus Klinik'),(180,'Cottbus','HELIOS'),(181,'Erfurt','Waldkrankenhaus'),(182,'Hamburg','Klinik für Tumorbiologie'),(183,'Leipzig','Allgemeines Krankenhaus'),(184,'Stuttgart','HELIOS'),(185,'Gelsenkirchen','Unfallkrankenhaus'),(186,'Leipzig','Allgemeines Krankenhaus'),(187,'Duisburg','Gemeinschaftsklinikum'),(188,'Wiesbaden','Gemeinschaftsklinikum'),(189,'Karlsruhe','Gemeinschaftsklinikum'),(190,'Chemnitz','Unfallkrankenhaus'),(191,'Bonn','Caritas Krankenhaus'),(192,'Berlin','Unfallkrankenhaus'),(193,'Köln','Klinik für Tumorbiologie'),(194,'Potsdam','Gemeinschaftsklinikum'),(195,'Koblenz','Klinik für Tumorbiologie'),(196,'Dresden','Caritas Krankenhaus'),(197,'Darmstadt','Medizinische Hochschule'),(198,'Kiel','Klinik für Tumorbiologie'),(199,'Hagen','Waldkrankenhaus'),(200,'Bonn','Caritas Krankenhaus');
/*!40000 ALTER TABLE `hospital` ENABLE KEYS */;
UNLOCK TABLES;

--
-- Table structure for table `patient`
--

DROP TABLE IF EXISTS `patient`;
/*!40101 SET @saved_cs_client     = @@character_set_client */;
/*!40101 SET character_set_client = utf8 */;
CREATE TABLE `patient` (
  `id` int(11) NOT NULL,
  `firstname` varchar(32) COLLATE utf8mb4_unicode_ci DEFAULT NULL,
  `lastname` varchar(32) COLLATE utf8mb4_unicode_ci DEFAULT NULL,
  `maidenname` varchar(32) COLLATE utf8mb4_unicode_ci DEFAULT NULL,
  `birthday` date DEFAULT NULL,
  `sex` char(1) COLLATE utf8mb4_unicode_ci DEFAULT NULL,
  PRIMARY KEY (`id`),
  UNIQUE KEY `id` (`id`)
) ENGINE=InnoDB DEFAULT CHARSET=utf8mb4 COLLATE=utf8mb4_unicode_ci;
/*!40101 SET character_set_client = @saved_cs_client */;

--
-- Dumping data for table `patient`
--

LOCK TABLES `patient` WRITE;
/*!40000 ALTER TABLE `patient` DISABLE KEYS */;
INSERT INTO `patient` VALUES (1,'Jennifer','Weber','Tausch','1965-06-10','f'),(2,'Calvin','Winter','','1972-11-16','m'),(3,'Berta','Ahrens','Duschl','1919-06-10','f'),(4,'Charlotte','Fischer','','1940-07-13','f'),(5,'Lena','Öhler','','1956-05-01','f'),(6,'Charlotte','Götz','','1953-07-16','f'),(7,'Patricia','Schwarz','','1927-01-19','f'),(8,'Bärbel','Raab','','1960-09-01','f'),(9,'Ulrike','Dick','Winter','1929-10-25','f'),(10,'KristinLaura','Jungmann','','1944-02-10','f'),(11,'Sandra','Dohler','','1961-02-18','f'),(12,' Astrid','Josch','','1945-06-21','f'),(13,'Stella','Els','','1961-04-16','f'),(14,'Dorothea','Schmöller','Wucherpfennig','1926-05-13','f'),(15,'Jennifer','Kämmerer','Nowak','1966-03-25','f'),(16,'Daphne','Koch','','1940-07-20','f'),(17,'Jessica','Ilinser','Thiel','1967-09-10','f'),(18,'Michelle','Fischer','Hannak','1982-08-03','f'),(19,'Kerstin','Tunnis','Putz','1945-02-13','f'),(20,'Tina','Zillner','','1953-03-08','f'),(21,'Cornelia','Finnemann','','1928-09-06','f'),(22,'Elisabeth','Clemens','','1958-02-05','f'),(23,'Samira','Ibold','Donia','1936-04-18','f'),(24,'Heike','Krause','','1927-03-12','f'),(25,'Daphne','Gutsmiedl','','1953-04-21','f'),(26,'Nadine','Haas','','1932-05-24','f'),(27,'Katrin','Weber','','1965-06-17','f'),(28,'Dorothea','Wucherpfennig','','1922-03-23','f'),(29,'Dorothea','Eckert','Wolf','1967-03-07','f'),(30,'Lena','Hansen','','1933-07-23','f'),(31,'Apollonia','Bumberger','Eder','1996-01-28','f'),(32,'Sina','Stögbauer','','1949-08-27','f'),(33,'Carolin','König','','1951-07-25','f'),(34,'Irmgart','Stemp','','1932-08-05','f'),(35,'Helena','Hannak','Oberhansl','1920-08-26','f'),(36,'Cindy','Zillner','','1938-04-21','f'),(37,'Carmen','Baum','Eder','1967-11-10','f'),(38,'Jasmin','Putz','','1952-03-22','f'),(39,'Tamara','Fischer','','1918-07-11','f'),(40,'Christina','Haas','','1924-02-08','f'),(41,'Nadja','Reischl','','1963-10-17','f'),(42,'Tamina','Madl','','1926-02-18','f'),(43,'Babsi','Edelmann','','1951-05-03','f'),(44,'Babsi','König','','1945-04-18','f'),(45,'Helga','Detsch','','1969-05-26','f'),(46,'Carina','Eibl','Obermüller','1962-05-26','f'),(47,'Anke','Detsch','Winkler','1961-10-09','f'),(48,'Marlene','Jungmann','Raab','1931-10-23','f'),(49,'Lisa','Binder','Illing','1924-10-01','f'),(50,'Jennifer','Imle','Bauer','1922-06-24','f'),(51,'Rita','Schmöller','Reischl','1949-03-17','f'),(52,'Betina','Schmidt','','1947-03-23','f'),(53,'Dagmar','Engel','','1966-09-19','f'),(54,'Tamina','Schwarz','','1922-07-09','f'),(55,'Elisabeth','Zwierz','','1965-11-19','f'),(56,'Angelika','Junk','','1960-08-27','f'),(57,'Christa','Damberger','','1927-09-14','f'),(58,'Linda','Jackob','','1929-06-08','f'),(59,'Alexis','Völtl','','1954-02-09','f'),(60,'Daphne','Waschinger','Christoffel','1996-10-13','f'),(61,'Melanie','Stemp','Meyer','1935-05-01','f'),(62,'KristinLaura','Damberger','Berlinger','1941-01-26','f'),(63,'Petra','Reischl','Hagen','1953-03-18','f'),(64,'Rita','Krause','','1919-08-26','f'),(65,'Helena','Ilinser','Ilinser','1954-04-28','f'),(66,'Anke','Süß','','1926-02-24','f'),(67,'Natascha','Windorfer','','1954-11-20','f'),(68,'Angela ','Christmann','','1955-01-01','f'),(69,'Petra','Jackob','Gutsmiedl','1922-10-25','f'),(70,'Corinna','Jansen','Weißhäupl','1967-10-20','f'),(71,'Edeltrud','Weber','Niedermeier','1936-06-16','f'),(72,'Petra','Calmes','Kottmann','1961-07-14','f'),(73,'Linda','Gutsmiedl','','1943-07-07','f'),(74,'Sophie','Ascher','','1988-04-08','f'),(75,'Maria','Duschl','','1965-11-14','f'),(76,'Christina','Reischl','Ascher','1937-08-20','f'),(77,'Maria','Edelmann','','1954-06-09','f'),(78,'Daphne','Dachs','','1926-04-18','f'),(79,'Paula','Winkler','Nigl','1949-10-09','f'),(80,'Tamina','Detsch','','1923-03-07','f'),(81,'Silvia','Windorfer','','1955-01-22','f'),(82,'Nadja','Waschinger','','1937-03-20','f'),(83,'Birgit','Schießl','','1926-11-14','f'),(84,'Cornelia','Schenk','','1951-08-24','f'),(85,'Vanessa','Junk','','1929-03-27','f'),(86,'Hanna','Kopp','','1964-08-21','f'),(87,'Carolin','Kämmerer','','1927-02-10','f'),(88,'Michelle','Mindl','','1960-07-20','f'),(89,'Katharina','Öhler','','1928-09-09','f'),(90,'Lena','Edelmann','','1991-07-07','f'),(91,'Dorothea','Hohenwarter','Schönberger','1932-04-12','f'),(92,'Aurelia','Dohler','','1952-05-09','f'),(93,'Leila','Celik','','1956-11-07','f'),(94,'Amelie','Schmidt','','1944-05-15','f'),(95,'Anja','Jansen','','1962-04-28','f'),(96,'Christa','Uhrmann','','1921-08-14','f'),(97,'Isolde','Zellner','Illner','1935-10-19','f'),(98,'Nina','Raab','','1966-06-17','f'),(99,'Agathe','Zwierz','Raab','1944-06-15','f'),(100,'Judith','Windorfer','','1958-06-01','f'),(101,'Anja','Ewen','','1920-03-27','f'),(102,'Magdalena','Kämmerer','Wallisch','1952-08-23','f'),(103,'Sophie','Bumberger','','1995-03-15','f'),(104,'Agathe','Wolf','','1953-09-12','f'),(105,'Sandra','Hohenwarter','','1918-09-23','f'),(106,'Ines','Becker','','1947-03-24','f'),(107,'Nadine','Carl','Immersberger','1921-04-01','f'),(108,'Cindy','Biebl','','1951-04-14','f'),(109,'Barbara','Eibl','','1949-02-18','f'),(110,'Vanessa','Wucherpfennig','','1936-09-03','f'),(111,'Carina','Jung','','1935-03-08','f'),(112,'Luisa','Woltering','','1954-06-12','f'),(113,'Sabina','Kämmerer','','1964-02-04','f'),(114,'Corinna','Niedermeier','','1922-06-09','f'),(115,'Bärbel','Decker','Hohenwarter','1946-03-07','f'),(116,'Helena','Braun','','1956-04-22','f'),(117,'Aurelia','Baum','','1931-04-20','f'),(118,'EvelynFabienne','Jung','Eibl','1985-04-11','f'),(119,'Dörthe','Karl','Winkler','1961-09-05','f'),(120,'Amanda','Ortner','','1952-10-13','f'),(121,'Anne','Woltering','','1938-06-16','f'),(122,'Anke','Luff','','1940-08-04','f'),(123,'Elisa','Stadler','','1929-08-26','f'),(124,'Anja','Schießl','','1959-04-10','f'),(125,'Berta','Pöschl','Schenk','1965-06-20','f'),(126,'Viktoria','Schmöller','Neumann','1918-02-13','f'),(127,'Amanda','Stemp','','1928-08-17','f'),(128,'Betina','Els','','1966-03-14','f'),(129,'Helena','Damberger','','1930-10-05','f'),(130,'Kerstin','Fuchs','','1960-04-24','f'),(131,'Jasmin','Meyer','','1920-06-26','f'),(132,'KristinLaura','Kittl','','1949-10-09','f'),(133,'Barbara','Götz','','1972-09-26','f'),(134,' Astrid','Pongratz','','1956-08-16','f'),(135,'Carolin','Zwierz','Calmes','1924-03-25','f'),(136,'Babsi','Kopp','','1947-07-10','f'),(137,'Cindy','Biebl','Watzl','1958-11-03','f'),(138,'Sina','Thiel','','1946-05-02','f'),(139,'Rosanna','Oberneder','','1933-04-22','f'),(140,'Madeleine','Oberneder','','1960-02-05','f'),(141,'Bärbel','Rodler','Stemp','1924-04-26','f'),(142,'Betina','Zwierz','Götz','1956-06-25','f'),(143,'Tina','Biebl','','1959-04-08','f'),(144,'Marietta','Baum','','1918-09-19','f'),(145,'Sarah','Holzbauer','','1934-11-10','f'),(146,'Sarah','Nigl','','1950-07-20','f'),(147,'Isolde','Thoma','','1969-05-05','f'),(148,'Marietta','Celik','','1950-11-08','f'),(149,'Melanie','Eckert','Bergmann','1935-04-05','f'),(150,'Charlotte','Becker','Spannbauer','1963-10-09','f'),(151,'Carolin','Schneider','Fuchs','1920-06-21','f'),(152,'Christina','Wucherpfennig','','1944-05-25','f'),(153,'Ulrike','Fuchs','','1935-07-09','f'),(154,'Anne','Peter','','1962-11-25','f'),(155,'Sandra','Weißhäupl','','1957-10-12','f'),(156,'Helena','Fiegler','','1924-11-28','f'),(157,'Leila','Weißhäupl','','1958-04-18','f'),(158,'Magdalena','Clemens','','1941-06-07','f'),(159,'Apollonia','Zellner','','1953-10-06','f'),(160,'Magdalena','Möller','Collet','1932-09-05','f'),(161,'Patricia','Schenk','Ortner','1977-02-26','f'),(162,'Aurelia','Igler','','1945-05-11','f'),(163,'Dörthe','Jensen','','1965-08-22','f'),(164,'Silvia','Collet','Wolf','1962-01-19','f'),(165,'Sina','Seibold','','1928-02-08','f'),(166,'Nathalie','Ingelmann','','1964-02-12','f'),(167,'Silvia','Damberger','Oberneder','1932-06-19','f'),(168,'Maximilian','Asen','','1955-09-16','m'),(169,'Birgit','Freund','','1931-07-17','f'),(170,'KristinLaura','Träger','Collet','1944-06-27','f'),(171,'Cindy','Meyer','Winkler','1954-08-15','f'),(172,'Sandra','Ingelmann','','1936-07-24','f'),(173,'EvelynFabienne','Ewen','','1964-09-12','f'),(174,'Paula','Gruber','','1937-11-03','f'),(175,'Isolde','Gais','','1964-09-17','f'),(176,'Barbara','Eder','','1925-11-20','f'),(177,'Christa','Altendorfer','','1960-04-11','f'),(178,'Tamara','Hannak','','1985-09-15','f'),(179,'Helga','Stögbauer','','1923-04-01','f'),(180,'Theresa','Altendorfer','Schmidt','1946-10-03','f'),(181,'Valerie','Illing','Thiel','1953-10-17','f'),(182,'Marietta','Süß','Detsch','1941-10-21','f'),(183,'Corinna','Thoma','Rehberger','1966-03-03','f'),(184,'Barbara','Eibl','','1956-10-05','f'),(185,'Sarah','Herrmann','','1947-03-10','f'),(186,'Dagmar','Ewen','','1944-09-27','f'),(187,'Nadine','Braun','','1960-02-24','f'),(188,'Tamina','Holzbauer','','1931-08-25','f'),(189,'Dörthe','Schönberger','','1962-11-20','f'),(190,'Katrin','Duschl','','1935-02-28','f'),(191,'Rosanna','Weißhäupl','','1958-07-01','f'),(192,'Kerstin','Nigl','','1947-11-16','f'),(193,'Tamara','Bauer','','1965-03-04','f'),(194,'Melanie','Rodler','','1971-04-09','f'),(195,'Edeltrud','Damberger','','1937-06-23','f'),(196,'Brigitte','Leutgeb','','1966-03-26','f'),(197,'Lena','Prescher','Nigl','1931-03-02','f'),(198,'Kerstin','Altendorfer','','1959-02-28','f'),(199,'Madeleine','Färber','','1929-10-23','f'),(200,'Charlotte','Decker','Baum','1963-03-16','f'),(201,'Agnes','Ahrens','','1937-09-22','f'),(202,'Agnes','Niedermeier','Winkler','1942-03-28','f'),(203,'Carolin','Ammerl','Peter','1955-06-28','f'),(204,'Carmen','Becker','','1923-07-11','f'),(205,'Tamara','Donia','Bergmann','1960-03-18','f'),(206,'Vivien','Ascher','','1931-02-05','f'),(207,'Theresa','Oberneder','','1950-06-13','f'),(208,'Delia','Dohler','Weiß','1931-01-08','f'),(209,'Madeleine','Baum','','1961-05-13','f'),(210,'Sandra','Losch','','1983-11-18','f'),(211,'Isolde','Woltering','','1932-08-16','f'),(212,'Corinna','Damberger','Josch','1954-11-20','f'),(213,'Leila','Eckert','','1919-10-11','f'),(214,'Katja','Windorfer','','1955-10-05','f'),(215,'Jasmin','Schönberger','','1930-03-15','f'),(216,'Madeleine','Reischl','','1958-07-11','f'),(217,'Eva','Winter','','1946-02-04','f'),(218,'Sandra','Eder','','1922-10-18','f'),(219,'Tamara','Schönberger','','1959-05-12','f'),(220,'Leila','Decker','Bergmann','1974-06-22','f'),(221,'Viktoria','Iven','','1949-01-21','f'),(222,'Apollonia','Baum','','1943-03-22','f'),(223,'Rosanna','Träger','','1962-04-10','f'),(224,'Maria','Koch','','1933-06-27','f'),(225,'Jennifer','Prescher','','1952-11-16','f'),(226,'Carina','Theis','','1928-03-12','f'),(227,'Samira','Tausch','','1921-05-07','f'),(228,'Tanja','Jungmann','Clemens','1955-08-28','f'),(229,'Cindy','Winkler','','1928-01-03','f'),(230,'Lisa','Els','','1952-11-02','f'),(231,'Vivien','Oberhansl','','1927-02-05','f'),(232,'Katja','Gruber','','1958-01-03','f'),(233,'Brigitte','Seibold','Färber','1943-05-15','f'),(234,'Katharina','Schmidt','','1987-03-23','f'),(235,'Lea','Schmöller','Karl','1954-10-03','f'),(236,'Doris','Toto','Süß','1942-06-06','f'),(237,'Hanna','Illing','','1923-11-04','f'),(238,'Tanja','Krüger','','1957-06-11','f'),(239,'Jennifer','Fiegler','','1950-02-04','f'),(240,'Magdalena','Dick','Babl','1930-07-01','f'),(241,'Jennifer','Thoma','Jäger','1929-03-21','f'),(242,'Alice','Christoffel','','1961-01-22','f'),(243,'Sina','Weiß','','1933-03-27','f'),(244,'Nicole','Gruber','','1960-08-13','f'),(245,'Beate','Blechinger','','1930-08-15','f'),(246,'Theresa','Bauer','','1951-11-11','f'),(247,'Hanna','Karl','','1944-06-02','f'),(248,'Agnes','Losch','','1957-06-17','f'),(249,'Jessica','Fuchs','','1980-03-13','f'),(250,'Cindy','Weißhäupl','','1944-02-24','f'),(251,'Silvia','Nigl','Völtl','1952-11-05','f'),(252,'Alexis','Bumberger','','1934-03-05','f'),(253,'Jessica','Uhlig','Koch','1920-05-15','f'),(254,'Dagmar','Peter','Blößl','1955-09-12','f'),(255,'Doris','Imle','','1956-04-04','f'),(256,'Daphne','Schmidt','Leutgeb','1929-11-25','f'),(257,'EvelynFabienne','Neumann','Zellner','1966-10-15','f'),(258,'Nadine','Fiegler','','1920-01-07','f'),(259,'Marlene','Spannbauer','Igler','1947-05-06','f'),(260,'Vivien','Mertl','Brand','1963-04-27','f'),(261,'Silvia','Decker','','1931-09-12','f'),(262,'Jasmin','Calmes','','1957-08-22','f'),(263,'Elisa','Ernst','','1969-04-03','f'),(264,'Beate','Iven','','1959-06-16','f'),(265,'Anja','Thiel','','1939-07-01','f'),(266,'Katja','Finnemann','','1941-11-05','f'),(267,'Bärbel','Meyer','Carl','1951-10-11','f'),(268,'Marlene','Zellner','','1924-05-10','f'),(269,'Lilly','Rauch','','1955-06-10','f'),(270,'Maria','König','','1927-10-01','f'),(271,'Hanna','Woltering','','1965-08-12','f'),(272,'Elisa','Woltering','','1931-08-02','f'),(273,'Apollonia','Zwierz','Donia','1944-11-17','f'),(274,'Linda','Nowak','Becker','1959-04-20','f'),(275,'Carmen','Fiegler','Altendorfer','1944-03-04','f'),(276,'Elisabeth','Schwarz','Braun','1965-04-06','f'),(277,'Betina','Hannak','','1928-02-19','f'),(278,'FranziskaGertrud','Edinger','','1977-09-21','f'),(279,'Elisabeth','Karl','','1934-11-03','f'),(280,'Aurelia','Herrmann','','1961-10-24','f'),(281,'EvelynFabienne','Hansen','','1919-03-04','f'),(282,'Hanna','Öhler','','1950-11-15','f'),(283,'Stella','Donia','','1955-09-17','f'),(284,'Barbara','Rauch','','1929-07-02','f'),(285,'Maria','Calmes','','1949-05-03','f'),(286,'Lea','Meyer','Seibold','1930-03-14','f'),(287,'Chiara','Rodler','Toto','1921-04-24','f'),(288,'Aurelia','Toto','','1956-01-13','f'),(289,'Gisela','Rodler','Baum','1918-03-18','f'),(290,'Sabina','Ortner','Stadler','1954-10-08','f'),(291,'Bianka','Krause','','1930-03-09','f'),(292,'Melissa','Becker','Uhrmann','1990-05-11','f'),(293,'Samira','Putz','','1927-08-03','f'),(294,'Vivien','Eibl','','1965-08-25','f'),(295,'Agnes','Zwierz','','1940-10-26','f'),(296,'Aurelia','Biebl','','1963-02-17','f'),(297,'Delia','Becker','','1935-03-22','f'),(298,'Bärbel','Ascher','','1957-01-15','f'),(299,'Linda','Brand','','1941-07-19','f'),(300,'Jasmin','Möller','Finnemann','1952-10-12','f'),(301,'Tamina','Mindl','','1961-02-13','f'),(302,'Corinna','Igler','','1923-10-10','f'),(303,'Ines','Fenzl','','1957-11-16','f'),(304,'Babsi','Stemp','','1925-02-24','f'),(305,'Melanie','Bergmann','Öhler','1956-05-08','f'),(306,'Silvia','Junk','','1939-01-10','f'),(307,'Chiara','Möller','','1938-09-14','f'),(308,'Natascha','Völtl','Ilinser','1996-09-07','f'),(309,'Rita','Färber','Neumann','1964-02-19','f'),(310,'Anna','Völtl','','1936-07-22','f'),(311,'Sabina','Hannak','','1963-06-04','f'),(312,'Elisabeth','Theis','','1952-04-10','f'),(313,'Anja','Carl','','1935-08-11','f'),(314,'Angela ','Pauli','','1918-04-16','f'),(315,'Gisela','Gruber','','1964-10-15','f'),(316,'Jennifer','Carl','','1920-10-04','f'),(317,'Tamara','Jung','','1956-06-22','f'),(318,'Christina','Losch','','1938-09-08','f'),(319,'Jessica','Schneider','','1963-10-04','f'),(320,'Christa','Thiel','','1936-08-23','f'),(321,'Judith','Herrmann','','1973-04-21','f'),(322,'Corinna','Weiß','','1958-01-08','f'),(323,'Dagmar','Waschinger','','1947-08-03','f'),(324,'Jessica','Wallisch','Windorfer','1946-07-20','f'),(325,'Babsi','Jung','Duschl','1952-08-19','f'),(326,'Sandra','Leutgeb','Stemp','1945-01-24','f'),(327,'Rosanna','Hagen','','1961-07-02','f'),(328,'Agathe','Völtl','','1958-09-17','f'),(329,'Isolde','Lange','','1943-02-07','f'),(330,'Sina','Hohenwarter','','1929-10-26','f'),(331,'Sophie','Rauch','','1964-11-22','f'),(332,'Delia','Immersberger','','1931-06-28','f'),(333,'Aurelia','Engel','','1955-11-10','f'),(334,'Nathalie','Tunnis','Gruber','1926-09-22','f'),(335,'Bertram','Kottmann','','1956-04-14','m'),(336,'EvelynFabienne','Wallisch','','1925-11-25','f'),(337,'Madeleine','Schulz','','1952-04-10','f'),(338,'Carmen','Jungmann','','1972-05-17','f'),(339,'Verena','Altendorfer','','1933-07-01','f'),(340,'Sabina','Babl','','1952-03-08','f'),(341,'Alice','Mertl','','1943-02-15','f'),(342,'Katrin','Schneider','','1952-09-08','f'),(343,'Katharina','Huber','','1928-09-16','f'),(344,'Miriam','Obermüller','','1947-11-07','f'),(345,'Vivien','Ahrens','','1960-05-25','f'),(346,'Corinna','Stögbauer','','1918-05-08','f'),(347,'Amanda','Fenzl','','1952-05-18','f'),(348,'Nadja','Ascher','','1939-11-15','f'),(349,'Charlotte','Eder','','1956-09-03','f'),(350,'Magdalena','Schenk','Schenk','1986-06-02','f'),(351,'Samira','Hannak','Watzl','1952-10-10','f'),(352,'Anja','Wolf','','1931-09-09','f'),(353,'Beate','Grünberger','','1964-07-27','f'),(354,'KristinLaura','Thiel','','1937-04-06','f'),(355,'Lilly','Dohler','','1938-08-28','f'),(356,'Jasmin','Finnemann','','1929-09-15','f'),(357,'Bibi','Bumberger','','1958-07-10','f'),(358,'Agnes','Engel','','1928-07-03','f'),(359,'Cindy','Ewen','Hohenwarter','1956-03-20','f'),(360,'FranziskaGertrud','Jenner','Jäger','1957-03-01','f'),(361,'Vivien','Clemens','','1946-06-07','f'),(362,'IvoneJacqueline','Süß','','1944-11-15','f'),(363,'Paula','Berlinger','Völtl','1966-03-08','f'),(364,'Jennifer','Tritz','','1918-02-04','f'),(365,'Lisa','Rauch','Detsch','1955-06-12','f'),(366,'Anke','Weißhäupl','','1984-11-24','f'),(367,'Sandra','Tritz','Asen','1924-01-11','f'),(368,'Birgit','Kopp','Neumann','1951-07-13','f'),(369,'Helga','Götz','','1932-04-17','f'),(370,'Kerstin','Ascher','Tausch','1926-09-13','f'),(371,'Birgit','Els','','1954-01-14','f'),(372,'Betina','Fischer','','1958-03-24','f'),(373,'Christina','Engel','','1934-07-04','f'),(374,'Alexis','Schäfer','','1927-06-07','f'),(375,'Nathalie','Luff','','1951-11-23','f'),(376,'Vivien','Hannak','','1924-01-09','f'),(377,'Judith','Koch','','1964-01-24','f'),(378,'Irmgart','Stemp','','1938-09-09','f'),(379,'Bibi','Reischl','','1990-08-21','f'),(380,'Dörthe','Raab','Uhrmann','1941-04-17','f'),(381,'Nicole','Donia','','1963-01-09','f'),(382,'Viktoria','Becker','','1962-05-10','f'),(383,'Heike','Dick','Stemp','1921-03-25','f'),(384,'Cindy','Ilinser','Peter','1959-09-27','f'),(385,'Jasmin','Wolf','Detsch','1930-10-24','f'),(386,'Hanna','Imle','','1955-04-01','f'),(387,'SusanneRebecca','Finnemann','','1938-03-15','f'),(388,'Sophie','Nowak','','1963-06-13','f'),(389,'Jessica','Freund','','1947-02-26','f'),(390,'Antonia','Pöschl','','1932-10-16','f'),(391,'Silvia','Färber','','1958-10-14','f'),(392,'Antonia','Windorfer','Immersberger','1961-05-01','f'),(393,'Eva','Spannbauer','','1927-01-24','f'),(394,'Jennifer','Gruber','','1973-06-19','f'),(395,'Barbara','Blößl','Gais','1967-11-26','f'),(396,'Leila','Arndt','','1941-03-15','f'),(397,'Samira','Jenner','Edinger','1963-10-27','f');
/*!40000 ALTER TABLE `patient` ENABLE KEYS */;
UNLOCK TABLES;

--
-- Table structure for table `rcp`
--

DROP TABLE IF EXISTS `rcp`;
/*!40101 SET @saved_cs_client     = @@character_set_client */;
/*!40101 SET character_set_client = utf8 */;
CREATE TABLE `rcp` (
  `id` int(11) NOT NULL,
  `place` varchar(64) COLLATE utf8mb4_unicode_ci DEFAULT NULL,
  `rcpdate` date DEFAULT NULL,
  `patient` int(11) DEFAULT NULL,
  PRIMARY KEY (`id`),
  UNIQUE KEY `id` (`id`)
) ENGINE=InnoDB DEFAULT CHARSET=utf8mb4 COLLATE=utf8mb4_unicode_ci;
/*!40101 SET character_set_client = @saved_cs_client */;

--
-- Dumping data for table `rcp`
--

LOCK TABLES `rcp` WRITE;
/*!40000 ALTER TABLE `rcp` DISABLE KEYS */;
INSERT INTO `rcp` VALUES (1,'Bonn','2008-08-11',1),(2,'Braunschweig','1987-07-08',2),(3,'Erlangen','1940-05-16',3),(4,'Göttingen','1989-04-07',4),(5,'Kassel','1982-08-11',5),(6,'Heidelberg','2009-11-20',6),(7,'Nürnberg','2001-11-26',7),(8,'Kassel','1977-07-15',8),(9,'Heidelberg','1986-10-21',9),(10,'Kiel','1955-04-06',10),(11,'Köln','1996-08-23',11),(12,'Augsburg','1953-03-25',12),(13,'Bonn','1985-04-24',13),(14,'Kassel','1944-10-08',14),(15,'Fürth','1998-07-01',15),(16,'Moers','2011-09-26',16),(17,'Stuttgart','1971-11-18',17),(18,'Frankfurt','1989-06-25',18),(19,'Oldenburg','2002-04-16',19),(20,'Paderborn','1969-06-09',20),(21,'Dortmund','2003-09-20',21),(22,'Heilbronn','1968-04-27',22),(23,'Remscheid','1993-03-27',23),(24,'Lübeck','1935-09-21',24),(25,'Kiel','1976-04-01',25),(26,'Trier','1939-08-25',26),(27,'Kiel','1978-08-24',27),(28,'Berlin','1939-08-18',28),(29,'Hannover','1967-09-14',29),(30,'Bochum','2001-07-18',30),(31,'Hannover','2010-08-11',31),(32,'Moers','1992-01-16',32),(33,'Mannheim','1958-06-07',33),(34,'Lübeck','1962-02-04',34),(35,'Stuttgart','2007-08-23',35),(36,'Dortmund','1946-07-01',36),(37,'Münster','2007-10-19',37),(38,'Remscheid','2005-03-10',38),(39,'Darmstadt','1939-07-25',39),(40,'Würzburg','1965-09-07',40),(41,'Dresden','1978-09-11',41),(42,'Leverkusen','1927-08-06',42),(43,'Nürnberg','2006-08-17',43),(44,'Erlangen','1982-06-08',44),(45,'Aachen','1972-08-22',45),(46,'Potsdam','2005-07-14',46),(47,'Braunschweig','1999-09-13',47),(48,'Heilbronn','1953-09-28',48),(49,'Paderborn','1981-05-10',49),(50,'Köln','1993-07-20',50),(51,'Hamm','1975-02-11',51),(52,'Osnabrück','1962-10-15',52),(53,'Braunschweig','1970-09-28',53),(54,'Nürnberg','1954-04-17',54),(55,'Leverkusen','1976-07-03',55),(56,'Hamm','1976-02-18',56),(57,'Leverkusen','1949-04-22',57),(58,'Hannover','1994-06-27',58),(59,'Magdeburg','1956-10-25',59),(60,'Mönchengladbach','2005-05-10',60),(61,'Chemnitz','1980-02-20',61),(62,'Kiel','1993-03-24',62),(63,'Rostock','1980-07-01',63),(64,'Bonn','1932-05-15',64),(65,'Aachen','1970-04-07',65),(66,'Hannover','1971-01-05',66),(67,'Nürnberg','1972-01-22',67),(68,'Saarbrücken','1967-04-27',68),(69,'Remscheid','1945-07-14',69),(70,'Osnabrück','1997-01-19',70),(71,'Moers','1967-07-21',71),(72,'Paderborn','1979-09-06',72),(73,'Regensburg','1957-03-03',73),(74,'Frankfurt','2010-06-11',74),(75,'Bochum','1983-01-23',75),(76,'Köln','2002-07-24',76),(77,'Heidelberg','1990-02-07',77),(78,'Münster','1966-02-12',78),(79,'Krefeld','1959-07-19',79),(80,'Wuppertal','1936-11-20',80),(81,'Magdeburg','2007-06-28',81),(82,'Potsdam','2003-09-04',82),(83,'Leipzig','1942-03-22',83),(84,'Duisburg','1977-01-12',84),(85,'Karlsruhe','1964-06-21',85),(86,'Hamm','1966-10-20',86),(87,'Wuppertal','1966-06-22',87),(88,'Mainz','1983-10-25',88),(89,'Gelsenkirchen','1976-08-05',89),(90,'Leipzig','2008-03-03',90),(91,'Saarbrücken','1964-11-23',91),(92,'Moers','1978-09-05',92),(93,'Düsseldorf','2004-11-06',93),(94,'Würzburg','2001-01-15',94),(95,'Rostock','1972-10-20',95),(96,'Düsseldorf','1921-07-04',96),(97,'Bochum','1943-09-16',97),(98,'Aachen','2003-08-03',98),(99,'Düsseldorf','1968-09-08',99),(100,'Halle','1983-02-23',100),(101,'Würzburg','1963-10-07',101),(102,'Hamm','1964-06-28',102),(103,'Kassel','2003-04-23',103),(104,'Halle','1953-01-07',104),(105,'Frankfurt','1976-05-16',105),(106,'Krefeld','1969-03-04',106),(107,'Cottbus','1959-03-10',107),(108,'Würzburg','1964-06-28',108),(109,'Trier','2004-04-05',109),(110,'Gelsenkirchen','1996-01-02',110),(111,'Kiel','1976-08-28',111),(112,'Dresden','1990-04-15',112),(113,'Darmstadt','1983-03-18',113),(114,'Hagen','1943-02-06',114),(115,'Wiesbaden','1968-06-10',115),(116,'Dresden','1979-04-24',116),(117,'Bochum','1952-06-05',117),(118,'Dortmund','2001-02-20',118),(119,'Darmstadt','1978-03-01',119),(120,'Oldenburg','1966-08-08',120),(121,'Braunschweig','1995-06-16',121),(122,'Paderborn','2002-11-18',122),(123,'Münster','1943-08-27',123),(124,'Remscheid','1976-02-07',124),(125,'Jena','1989-03-09',125),(126,'Mannheim','1988-06-08',126),(127,'Siegen','1929-05-27',127),(128,'München','1986-05-11',128),(129,'Mannheim','1985-08-15',129),(130,'Moers','1981-02-09',130),(131,'Karlsruhe','1932-08-01',131),(132,'Dortmund','1964-08-24',132),(133,'Münster','1978-01-08',133),(134,'Erlangen','2010-04-28',134),(135,'Bremen','2008-04-02',135),(136,'Gelsenkirchen','1989-08-09',136),(137,'Moers','2010-11-27',137),(138,'Heilbronn','1998-06-24',138),(139,'Krefeld','1937-05-06',139),(140,'Karlsruhe','1983-04-24',140),(141,'München','1939-08-15',141),(142,'Düsseldorf','2010-06-24',142),(143,'Frankfurt','1998-11-14',143),(144,'Lübeck','1990-07-05',144),(145,'Köln','1972-04-03',145),(146,'München','1967-10-25',146),(147,'Göttingen','1996-10-08',147),(148,'Siegen','1959-10-18',148),(149,'Koblenz','1956-08-23',149),(150,'Mannheim','1984-03-20',150),(151,'Dresden','1986-06-27',151),(152,'Potsdam','1960-04-02',152),(153,'Trier','2009-11-04',153),(154,'Stuttgart','2008-01-03',154),(155,'Bremen','1983-10-12',155),(156,'Hannover','1931-08-24',156),(157,'Regensburg','1971-04-27',157),(158,'Trier','2003-09-18',158),(159,'Heidelberg','1979-05-22',159),(160,'Bonn','1944-01-27',160),(161,'Karlsruhe','1992-08-17',161),(162,'Heilbronn','1996-04-24',162),(163,'Frankfurt','2005-01-24',163),(164,'Halle','2005-07-17',164),(165,'Cottbus','1995-07-16',165),(166,'Essen','1967-03-14',166),(167,'Fürth','1994-11-01',167),(168,'Karlsruhe','2006-06-10',168),(169,'Chemnitz','1993-06-24',169),(170,'Wiesbaden','1991-09-17',170),(171,'Paderborn','1966-04-21',171),(172,'Regensburg','1939-06-03',172),(173,'Nürnberg','1980-09-10',173),(174,'Oldenburg','1971-03-20',174),(175,'Paderborn','2002-09-07',175),(176,'Braunschweig','1986-07-16',176),(177,'Erfurt','1986-10-22',177),(178,'Mannheim','1990-09-12',178),(179,'Münster','1960-11-07',179),(180,'Koblenz','1948-03-11',180),(181,'Leipzig','1976-01-15',181),(182,'Göttingen','1947-03-15',182),(183,'Saarbrücken','1985-09-24',183),(184,'Leverkusen','2000-09-03',184),(185,'Halle','2004-11-03',185),(186,'Gelsenkirchen','1985-05-13',186),(187,'Göttingen','1999-06-27',187),(188,'Wiesbaden','1985-04-11',188),(189,'Kiel','2000-11-16',189),(190,'Erlangen','1974-05-04',190),(191,'Bielefeld','1999-06-13',191),(192,'Regensburg','1975-10-09',192),(193,'Bochum','1979-08-14',193),(194,'Chemnitz','1993-09-05',194),(195,'Braunschweig','1995-02-15',195),(196,'Leipzig','1991-06-02',196),(197,'Osnabrück','1974-05-28',197),(198,'Nürnberg','1972-07-15',198),(199,'Darmstadt','1960-08-27',199),(200,'Regensburg','1994-10-08',200),(201,'Ulm','1991-05-06',201),(202,'Bielefeld','1978-08-12',202),(203,'Düsseldorf','1992-04-14',203),(204,'Köln','1942-09-04',204),(205,'Nürnberg','1998-01-21',205),(206,'Remscheid','1939-07-01',206),(207,'Heidelberg','2010-05-02',207),(208,'Aachen','1980-09-28',208),(209,'Bonn','1992-09-24',209),(210,'Erfurt','2008-05-26',210),(211,'Essen','1981-04-11',211),(212,'Hannover','2006-05-20',212),(213,'Saarbrücken','1995-08-12',213),(214,'Krefeld','1966-09-18',214),(215,'Osnabrück','1946-08-01',215),(216,'Leipzig','1961-03-20',216),(217,'Mannheim','2006-11-15',217),(218,'Stuttgart','1922-04-27',218),(219,'Braunschweig','2003-08-05',219),(220,'Essen','1982-10-12',220),(221,'Wuppertal','2001-07-03',221),(222,'Essen','1998-11-07',222),(223,'Erlangen','2010-02-18',223),(224,'Hagen','1940-11-20',224),(225,'Nürnberg','1983-07-01',225),(226,'Erlangen','1980-07-14',226),(227,'Aachen','1941-01-23',227),(228,'Berlin','1983-03-17',228),(229,'Mainz','1957-02-07',229),(230,'Göttingen','2001-10-09',230),(231,'Aachen','1978-09-16',231),(232,'Köln','2011-10-02',232),(233,'Heidelberg','1988-11-14',233),(234,'Osnabrück','2004-06-03',234),(235,'Darmstadt','2009-06-07',235),(236,'Bielefeld','1999-02-26',236),(237,'Braunschweig','1944-09-24',237),(238,'Augsburg','1963-06-16',238),(239,'Darmstadt','1993-08-20',239),(240,'Bochum','1986-08-26',240),(241,'Duisburg','2005-02-04',241),(242,'Osnabrück','2011-11-21',242),(243,'Frankfurt','1992-06-08',243),(244,'Trier','1960-01-01',244),(245,'Aachen','1932-11-26',245),(246,'Leipzig','1984-06-08',246),(247,'Erlangen','1998-06-28',247),(248,'Wiesbaden','2010-10-21',248),(249,'Köln','1982-08-12',249),(250,'Bonn','1986-08-07',250),(251,'Krefeld','1999-06-08',251),(252,'Köln','1940-10-20',252),(253,'Regensburg','1936-08-04',253),(254,'Mönchengladbach','1998-10-11',254),(255,'Moers','1997-05-12',255),(256,'Bochum','1970-07-05',256),(257,'Oldenburg','2000-06-07',257),(258,'Chemnitz','1937-11-13',258),(259,'Paderborn','1987-01-13',259),(260,'Kassel','1999-06-02',260),(261,'Erfurt','2009-01-22',261),(262,'Bremen','1998-02-10',262),(263,'Jena','2004-09-09',263),(264,'Bielefeld','1984-03-21',264),(265,'Bremen','1979-11-15',265),(266,'Darmstadt','1984-10-08',266),(267,'Regensburg','1983-06-01',267),(268,'Koblenz','1958-11-05',268),(269,'Wuppertal','1967-03-25',269),(270,'Jena','1933-07-20',270),(271,'Karlsruhe','1996-05-21',271),(272,'Koblenz','1948-10-04',272),(273,'Dortmund','1969-01-03',273),(274,'Paderborn','2007-05-07',274),(275,'Erfurt','2003-09-04',275),(276,'Karlsruhe','1965-04-20',276),(277,'Leverkusen','1991-06-23',277),(278,'Kiel','1977-11-11',278),(279,'Kassel','2004-03-09',279),(280,'Koblenz','1976-02-16',280),(281,'Heilbronn','1924-03-20',281),(282,'Münster','1983-09-07',282),(283,'Erfurt','1961-04-09',283),(284,'Frankfurt','1990-06-01',284),(285,'Wiesbaden','1986-06-21',285),(286,'Heidelberg','1952-10-28',286),(287,'Ulm','1962-05-05',287),(288,'Erfurt','1987-06-13',288),(289,'Dortmund','1918-03-09',289),(290,'Paderborn','1988-05-12',290),(291,'Rostock','1969-07-05',291),(292,'Gelsenkirchen','1997-01-16',292),(293,'Koblenz','2001-04-23',293),(294,'Kassel','1991-05-07',294),(295,'Kiel','1997-02-07',295),(296,'Stuttgart','2004-04-08',296),(297,'Kiel','1975-06-17',297),(298,'Duisburg','1996-01-12',298),(299,'Gelsenkirchen','1984-06-03',299),(300,'Augsburg','1960-08-05',300),(301,'Dresden','1990-08-01',301),(302,'Augsburg','2002-09-04',302),(303,'Hamm','1997-11-20',303),(304,'Bielefeld','1969-06-20',304),(305,'Regensburg','2005-10-26',305),(306,'Braunschweig','1995-05-26',306),(307,'Oldenburg','1989-04-13',307),(308,'Lübeck','2011-09-27',308),(309,'Düsseldorf','2011-11-02',309),(310,'Halle','1979-04-18',310),(311,'Heidelberg','1969-10-22',311),(312,'Stuttgart','1986-08-04',312),(313,'Gelsenkirchen','1947-10-08',313),(314,'Düsseldorf','1942-04-06',314),(315,'Bremen','1990-08-03',315),(316,'Essen','2000-11-13',316),(317,'Karlsruhe','2004-07-17',317),(318,'Heilbronn','1942-10-10',318),(319,'Mönchengladbach','1973-08-19',319),(320,'Dortmund','1992-11-05',320),(321,'Trier','2002-11-18',321),(322,'Bielefeld','1983-05-07',322),(323,'Gelsenkirchen','1971-10-20',323),(324,'Heidelberg','1958-08-20',324),(325,'Ulm','1972-05-12',325),(326,'Göttingen','1976-06-26',326),(327,'Gelsenkirchen','2000-01-27',327),(328,'Stuttgart','1968-02-20',328),(329,'Gelsenkirchen','1999-01-12',329),(330,'Wiesbaden','1961-06-25',330),(331,'Mönchengladbach','1976-06-27',331),(332,'Gelsenkirchen','2006-03-24',332),(333,'Hamburg','1999-04-18',333),(334,'Bremen','2000-11-01',334),(335,'Karlsruhe','2011-07-24',335),(336,'Münster','2006-11-26',336),(337,'Hamburg','1963-06-13',337),(338,'Oldenburg','1989-05-09',338),(339,'Mainz','1966-03-12',339),(340,'Rostock','1982-08-28',340),(341,'Heidelberg','1945-03-02',341),(342,'Berlin','1972-09-09',342),(343,'Paderborn','1936-05-03',343),(344,'Fürth','1956-03-22',344),(345,'Osnabrück','1977-04-26',345),(346,'Kiel','1994-07-20',346),(347,'Koblenz','1965-01-02',347),(348,'Lübeck','1962-01-03',348),(349,'München','2000-10-24',349),(350,'Trier','2004-08-22',350),(351,'Mönchengladbach','2002-09-02',351),(352,'Berlin','1938-04-18',352),(353,'Nürnberg','2005-10-22',353),(354,'Karlsruhe','1985-01-11',354),(355,'Trier','2011-02-23',355),(356,'Frankfurt','1943-04-12',356),(357,'Hamburg','1980-10-14',357),(358,'Potsdam','1946-04-13',358),(359,'Hamburg','1981-02-20',359),(360,'Würzburg','2004-06-04',360),(361,'Erlangen','2002-03-03',361),(362,'Heidelberg','1945-05-21',362),(363,'Stuttgart','1984-10-11',363),(364,'Chemnitz','1951-07-23',364),(365,'Remscheid','1997-01-02',365),(366,'Potsdam','2002-04-04',366),(367,'Rostock','1983-01-11',367),(368,'Braunschweig','2006-03-12',368),(369,'Hannover','2008-07-05',369),(370,'Braunschweig','1969-04-01',370),(371,'Remscheid','2006-06-17',371),(372,'Saarbrücken','1983-09-22',372),(373,'Nürnberg','1967-06-13',373),(374,'Erlangen','1970-04-15',374),(375,'Bochum','1972-01-09',375),(376,'Mannheim','1939-07-14',376),(377,'Würzburg','1973-06-10',377),(378,'Aachen','1988-03-21',378),(379,'Essen','2003-02-14',379),(380,'Osnabrück','1948-05-08',380),(381,'Dresden','1974-09-08',381),(382,'Bonn','1997-04-17',382),(383,'Magdeburg','1994-09-23',383),(384,'Wuppertal','1966-08-26',384),(385,'Erlangen','1972-02-12',385),(386,'Hannover','1969-03-25',386),(387,'Bielefeld','1940-02-04',387),(388,'Ulm','1966-07-02',388),(389,'Erfurt','2005-08-20',389),(390,'Kassel','1950-11-03',390),(391,'Kiel','2010-08-11',391),(392,'Gelsenkirchen','1989-07-16',392),(393,'Duisburg','1941-11-06',393),(394,'Mönchengladbach','2010-03-01',394),(395,'Osnabrück','2001-09-10',395),(396,'Saarbrücken','1985-05-09',396),(397,'Leverkusen','2008-01-18',397);
/*!40000 ALTER TABLE `rcp` ENABLE KEYS */;
UNLOCK TABLES;

--
-- Table structure for table `rcp_cause`
--

DROP TABLE IF EXISTS `rcp_cause`;
/*!40101 SET @saved_cs_client     = @@character_set_client */;
/*!40101 SET character_set_client = utf8 */;
CREATE TABLE `rcp_cause` (
  `id` int(11) NOT NULL,
  `description` varchar(200) COLLATE utf8mb4_unicode_ci DEFAULT NULL,
  `rcp` int(11) DEFAULT NULL,
  PRIMARY KEY (`id`),
  UNIQUE KEY `id` (`id`)
) ENGINE=InnoDB DEFAULT CHARSET=utf8mb4 COLLATE=utf8mb4_unicode_ci;
/*!40101 SET character_set_client = @saved_cs_client */;

--
-- Dumping data for table `rcp_cause`
--

LOCK TABLES `rcp_cause` WRITE;
/*!40000 ALTER TABLE `rcp_cause` DISABLE KEYS */;
INSERT INTO `rcp_cause` VALUES (1,'Concertation pour avis thérapeutique',1),(2,'Prise en charge selon référentiel Régional',2),(3,'Concertation pour avis diagnostique ou complément <<staging>>',3),(4,'Concertation pour avis thérapeutique',4),(5,'Concertation pour avis diagnostique ou complément <<staging>>',5),(6,'Concertation pour avis thérapeutique',6),(7,'Concertation pour avis thérapeutique',7),(8,'Concertation pour avis diagnostique ou complément <<staging>>',8),(9,'Concertation pour avis thérapeutique',9),(10,'Concertation pour avis thérapeutique',10),(11,'Concertation pour avis thérapeutique',11),(12,'Concertation pour avis diagnostique ou complément <<staging>>',12),(13,'Concertation pour avis diagnostique ou complément <<staging>>',13),(14,'Concertation pour avis thérapeutique',14),(15,'Concertation pour avis diagnostique ou complément <<staging>>',15),(16,'Prise en charge selon référentiel Régional',16),(17,'Prise en charge selon référentiel Régional',17),(18,'Prise en charge selon référentiel Régional',18),(19,'Prise en charge selon référentiel Régional',19),(20,'Concertation pour avis thérapeutique',20),(21,'Concertation pour avis thérapeutique',21),(22,'Concertation pour avis thérapeutique',22),(23,'Prise en charge selon référentiel Régional',23),(24,'Prise en charge selon référentiel Régional',24),(25,'Prise en charge selon référentiel Régional',25),(26,'Concertation pour avis diagnostique ou complément <<staging>>',26),(27,'Concertation pour avis diagnostique ou complément <<staging>>',27),(28,'Prise en charge selon référentiel Régional',28),(29,'Concertation pour avis diagnostique ou complément <<staging>>',29),(30,'Prise en charge selon référentiel Régional',30),(31,'Concertation pour avis thérapeutique',31),(32,'Concertation pour avis diagnostique ou complément <<staging>>',32),(33,'Concertation pour avis thérapeutique',33),(34,'Prise en charge selon référentiel Régional',34),(35,'Concertation pour avis diagnostique ou complément <<staging>>',35),(36,'Prise en charge selon référentiel Régional',36),(37,'Concertation pour avis diagnostique ou complément <<staging>>',37),(38,'Prise en charge selon référentiel Régional',38),(39,'Concertation pour avis diagnostique ou complément <<staging>>',39),(40,'Concertation pour avis diagnostique ou complément <<staging>>',40),(41,'Concertation pour avis thérapeutique',41),(42,'Concertation pour avis diagnostique ou complément <<staging>>',42),(43,'Prise en charge selon référentiel Régional',43),(44,'Prise en charge selon référentiel Régional',44),(45,'Concertation pour avis thérapeutique',45),(46,'Concertation pour avis thérapeutique',46),(47,'Prise en charge selon référentiel Régional',47),(48,'Concertation pour avis thérapeutique',48),(49,'Concertation pour avis thérapeutique',49),(50,'Concertation pour avis thérapeutique',50),(51,'Prise en charge selon référentiel Régional',51),(52,'Concertation pour avis diagnostique ou complément <<staging>>',52),(53,'Concertation pour avis thérapeutique',53),(54,'Concertation pour avis diagnostique ou complément <<staging>>',54),(55,'Concertation pour avis thérapeutique',55),(56,'Concertation pour avis diagnostique ou complément <<staging>>',56),(57,'Concertation pour avis thérapeutique',57),(58,'Concertation pour avis diagnostique ou complément <<staging>>',58),(59,'Concertation pour avis thérapeutique',59),(60,'Prise en charge selon référentiel Régional',60),(61,'Concertation pour avis diagnostique ou complément <<staging>>',61),(62,'Concertation pour avis diagnostique ou complément <<staging>>',62),(63,'Prise en charge selon référentiel Régional',63),(64,'Concertation pour avis thérapeutique',64),(65,'Concertation pour avis diagnostique ou complément <<staging>>',65),(66,'Concertation pour avis diagnostique ou complément <<staging>>',66),(67,'Prise en charge selon référentiel Régional',67),(68,'Prise en charge selon référentiel Régional',68),(69,'Prise en charge selon référentiel Régional',69),(70,'Concertation pour avis diagnostique ou complément <<staging>>',70),(71,'Concertation pour avis diagnostique ou complément <<staging>>',71),(72,'Concertation pour avis diagnostique ou complément <<staging>>',72),(73,'Concertation pour avis thérapeutique',73),(74,'Concertation pour avis diagnostique ou complément <<staging>>',74),(75,'Prise en charge selon référentiel Régional',75),(76,'Prise en charge selon référentiel Régional',76),(77,'Prise en charge selon référentiel Régional',77),(78,'Concertation pour avis diagnostique ou complément <<staging>>',78),(79,'Concertation pour avis thérapeutique',79),(80,'Prise en charge selon référentiel Régional',80),(81,'Prise en charge selon référentiel Régional',81),(82,'Concertation pour avis diagnostique ou complément <<staging>>',82),(83,'Concertation pour avis diagnostique ou complément <<staging>>',83),(84,'Concertation pour avis thérapeutique',84),(85,'Concertation pour avis diagnostique ou complément <<staging>>',85),(86,'Concertation pour avis thérapeutique',86),(87,'Prise en charge selon référentiel Régional',87),(88,'Concertation pour avis thérapeutique',88),(89,'Prise en charge selon référentiel Régional',89),(90,'Prise en charge selon référentiel Régional',90),(91,'Concertation pour avis thérapeutique',91),(92,'Concertation pour avis diagnostique ou complément <<staging>>',92),(93,'Concertation pour avis thérapeutique',93),(94,'Concertation pour avis thérapeutique',94),(95,'Concertation pour avis thérapeutique',95),(96,'Concertation pour avis diagnostique ou complément <<staging>>',96),(97,'Concertation pour avis thérapeutique',97),(98,'Concertation pour avis thérapeutique',98),(99,'Prise en charge selon référentiel Régional',99),(100,'Prise en charge selon référentiel Régional',100),(101,'Concertation pour avis diagnostique ou complément <<staging>>',101),(102,'Concertation pour avis thérapeutique',102),(103,'Concertation pour avis diagnostique ou complément <<staging>>',103),(104,'Concertation pour avis diagnostique ou complément <<staging>>',104),(105,'Concertation pour avis diagnostique ou complément <<staging>>',105),(106,'Concertation pour avis thérapeutique',106),(107,'Concertation pour avis thérapeutique',107),(108,'Prise en charge selon référentiel Régional',108),(109,'Concertation pour avis thérapeutique',109),(110,'Prise en charge selon référentiel Régional',110),(111,'Prise en charge selon référentiel Régional',111),(112,'Prise en charge selon référentiel Régional',112),(113,'Concertation pour avis diagnostique ou complément <<staging>>',113),(114,'Concertation pour avis diagnostique ou complément <<staging>>',114),(115,'Concertation pour avis diagnostique ou complément <<staging>>',115),(116,'Concertation pour avis thérapeutique',116),(117,'Concertation pour avis diagnostique ou complément <<staging>>',117),(118,'Concertation pour avis diagnostique ou complément <<staging>>',118),(119,'Concertation pour avis diagnostique ou complément <<staging>>',119),(120,'Concertation pour avis diagnostique ou complément <<staging>>',120),(121,'Prise en charge selon référentiel Régional',121),(122,'Concertation pour avis thérapeutique',122),(123,'Prise en charge selon référentiel Régional',123),(124,'Concertation pour avis diagnostique ou complément <<staging>>',124),(125,'Concertation pour avis thérapeutique',125),(126,'Concertation pour avis diagnostique ou complément <<staging>>',126),(127,'Concertation pour avis thérapeutique',127),(128,'Concertation pour avis diagnostique ou complément <<staging>>',128),(129,'Prise en charge selon référentiel Régional',129),(130,'Concertation pour avis thérapeutique',130),(131,'Prise en charge selon référentiel Régional',131),(132,'Concertation pour avis thérapeutique',132),(133,'Concertation pour avis thérapeutique',133),(134,'Prise en charge selon référentiel Régional',134),(135,'Concertation pour avis thérapeutique',135),(136,'Prise en charge selon référentiel Régional',136),(137,'Concertation pour avis diagnostique ou complément <<staging>>',137),(138,'Concertation pour avis diagnostique ou complément <<staging>>',138),(139,'Concertation pour avis thérapeutique',139),(140,'Concertation pour avis diagnostique ou complément <<staging>>',140),(141,'Prise en charge selon référentiel Régional',141),(142,'Prise en charge selon référentiel Régional',142),(143,'Concertation pour avis thérapeutique',143),(144,'Prise en charge selon référentiel Régional',144),(145,'Prise en charge selon référentiel Régional',145),(146,'Prise en charge selon référentiel Régional',146),(147,'Concertation pour avis thérapeutique',147),(148,'Prise en charge selon référentiel Régional',148),(149,'Prise en charge selon référentiel Régional',149),(150,'Prise en charge selon référentiel Régional',150),(151,'Prise en charge selon référentiel Régional',151),(152,'Prise en charge selon référentiel Régional',152),(153,'Concertation pour avis diagnostique ou complément <<staging>>',153),(154,'Prise en charge selon référentiel Régional',154),(155,'Concertation pour avis diagnostique ou complément <<staging>>',155),(156,'Concertation pour avis thérapeutique',156),(157,'Concertation pour avis thérapeutique',157),(158,'Prise en charge selon référentiel Régional',158),(159,'Prise en charge selon référentiel Régional',159),(160,'Prise en charge selon référentiel Régional',160),(161,'Concertation pour avis diagnostique ou complément <<staging>>',161),(162,'Prise en charge selon référentiel Régional',162),(163,'Concertation pour avis diagnostique ou complément <<staging>>',163),(164,'Concertation pour avis thérapeutique',164),(165,'Concertation pour avis thérapeutique',165),(166,'Concertation pour avis diagnostique ou complément <<staging>>',166),(167,'Prise en charge selon référentiel Régional',167),(168,'Prise en charge selon référentiel Régional',168),(169,'Prise en charge selon référentiel Régional',169),(170,'Concertation pour avis diagnostique ou complément <<staging>>',170),(171,'Concertation pour avis diagnostique ou complément <<staging>>',171),(172,'Prise en charge selon référentiel Régional',172),(173,'Prise en charge selon référentiel Régional',173),(174,'Prise en charge selon référentiel Régional',174),(175,'Concertation pour avis thérapeutique',175),(176,'Prise en charge selon référentiel Régional',176),(177,'Prise en charge selon référentiel Régional',177),(178,'Concertation pour avis thérapeutique',178),(179,'Prise en charge selon référentiel Régional',179),(180,'Concertation pour avis diagnostique ou complément <<staging>>',180),(181,'Prise en charge selon référentiel Régional',181),(182,'Concertation pour avis thérapeutique',182),(183,'Concertation pour avis diagnostique ou complément <<staging>>',183),(184,'Concertation pour avis diagnostique ou complément <<staging>>',184),(185,'Prise en charge selon référentiel Régional',185),(186,'Concertation pour avis diagnostique ou complément <<staging>>',186),(187,'Concertation pour avis thérapeutique',187),(188,'Concertation pour avis diagnostique ou complément <<staging>>',188),(189,'Concertation pour avis thérapeutique',189),(190,'Prise en charge selon référentiel Régional',190),(191,'Concertation pour avis diagnostique ou complément <<staging>>',191),(192,'Concertation pour avis thérapeutique',192),(193,'Concertation pour avis thérapeutique',193),(194,'Prise en charge selon référentiel Régional',194),(195,'Concertation pour avis thérapeutique',195),(196,'Concertation pour avis thérapeutique',196),(197,'Prise en charge selon référentiel Régional',197),(198,'Prise en charge selon référentiel Régional',198),(199,'Prise en charge selon référentiel Régional',199),(200,'Concertation pour avis thérapeutique',200),(201,'Concertation pour avis thérapeutique',201),(202,'Concertation pour avis diagnostique ou complément <<staging>>',202),(203,'Concertation pour avis thérapeutique',203),(204,'Prise en charge selon référentiel Régional',204),(205,'Prise en charge selon référentiel Régional',205),(206,'Concertation pour avis thérapeutique',206),(207,'Prise en charge selon référentiel Régional',207),(208,'Concertation pour avis thérapeutique',208),(209,'Prise en charge selon référentiel Régional',209),(210,'Concertation pour avis diagnostique ou complément <<staging>>',210),(211,'Concertation pour avis thérapeutique',211),(212,'Concertation pour avis thérapeutique',212),(213,'Prise en charge selon référentiel Régional',213),(214,'Concertation pour avis thérapeutique',214),(215,'Concertation pour avis thérapeutique',215),(216,'Concertation pour avis thérapeutique',216),(217,'Concertation pour avis diagnostique ou complément <<staging>>',217),(218,'Concertation pour avis diagnostique ou complément <<staging>>',218),(219,'Concertation pour avis diagnostique ou complément <<staging>>',219),(220,'Concertation pour avis thérapeutique',220),(221,'Prise en charge selon référentiel Régional',221),(222,'Concertation pour avis thérapeutique',222),(223,'Concertation pour avis diagnostique ou complément <<staging>>',223),(224,'Prise en charge selon référentiel Régional',224),(225,'Concertation pour avis thérapeutique',225),(226,'Concertation pour avis diagnostique ou complément <<staging>>',226),(227,'Concertation pour avis thérapeutique',227),(228,'Prise en charge selon référentiel Régional',228),(229,'Concertation pour avis diagnostique ou complément <<staging>>',229),(230,'Concertation pour avis thérapeutique',230),(231,'Prise en charge selon référentiel Régional',231),(232,'Concertation pour avis thérapeutique',232),(233,'Concertation pour avis thérapeutique',233),(234,'Concertation pour avis diagnostique ou complément <<staging>>',234),(235,'Concertation pour avis thérapeutique',235),(236,'Concertation pour avis thérapeutique',236),(237,'Concertation pour avis thérapeutique',237),(238,'Concertation pour avis thérapeutique',238),(239,'Concertation pour avis diagnostique ou complément <<staging>>',239),(240,'Concertation pour avis thérapeutique',240),(241,'Prise en charge selon référentiel Régional',241),(242,'Prise en charge selon référentiel Régional',242),(243,'Prise en charge selon référentiel Régional',243),(244,'Prise en charge selon référentiel Régional',244),(245,'Concertation pour avis thérapeutique',245),(246,'Concertation pour avis thérapeutique',246),(247,'Concertation pour avis diagnostique ou complément <<staging>>',247),(248,'Concertation pour avis diagnostique ou complément <<staging>>',248),(249,'Concertation pour avis thérapeutique',249),(250,'Concertation pour avis thérapeutique',250),(251,'Prise en charge selon référentiel Régional',251),(252,'Prise en charge selon référentiel Régional',252),(253,'Concertation pour avis thérapeutique',253),(254,'Concertation pour avis thérapeutique',254),(255,'Concertation pour avis diagnostique ou complément <<staging>>',255),(256,'Concertation pour avis diagnostique ou complément <<staging>>',256),(257,'Concertation pour avis thérapeutique',257),(258,'Concertation pour avis thérapeutique',258),(259,'Prise en charge selon référentiel Régional',259),(260,'Concertation pour avis thérapeutique',260),(261,'Concertation pour avis diagnostique ou complément <<staging>>',261),(262,'Concertation pour avis diagnostique ou complément <<staging>>',262),(263,'Concertation pour avis thérapeutique',263),(264,'Prise en charge selon référentiel Régional',264),(265,'Prise en charge selon référentiel Régional',265),(266,'Concertation pour avis diagnostique ou complément <<staging>>',266),(267,'Concertation pour avis diagnostique ou complément <<staging>>',267),(268,'Prise en charge selon référentiel Régional',268),(269,'Concertation pour avis thérapeutique',269),(270,'Concertation pour avis diagnostique ou complément <<staging>>',270),(271,'Concertation pour avis thérapeutique',271),(272,'Concertation pour avis diagnostique ou complément <<staging>>',272),(273,'Prise en charge selon référentiel Régional',273),(274,'Concertation pour avis diagnostique ou complément <<staging>>',274),(275,'Concertation pour avis thérapeutique',275),(276,'Prise en charge selon référentiel Régional',276),(277,'Concertation pour avis thérapeutique',277),(278,'Concertation pour avis diagnostique ou complément <<staging>>',278),(279,'Prise en charge selon référentiel Régional',279),(280,'Concertation pour avis thérapeutique',280),(281,'Prise en charge selon référentiel Régional',281),(282,'Prise en charge selon référentiel Régional',282),(283,'Concertation pour avis diagnostique ou complément <<staging>>',283),(284,'Concertation pour avis thérapeutique',284),(285,'Prise en charge selon référentiel Régional',285),(286,'Concertation pour avis thérapeutique',286),(287,'Concertation pour avis thérapeutique',287),(288,'Prise en charge selon référentiel Régional',288),(289,'Concertation pour avis thérapeutique',289),(290,'Concertation pour avis diagnostique ou complément <<staging>>',290),(291,'Concertation pour avis diagnostique ou complément <<staging>>',291),(292,'Prise en charge selon référentiel Régional',292),(293,'Prise en charge selon référentiel Régional',293),(294,'Concertation pour avis diagnostique ou complément <<staging>>',294),(295,'Concertation pour avis diagnostique ou complément <<staging>>',295),(296,'Prise en charge selon référentiel Régional',296),(297,'Concertation pour avis thérapeutique',297),(298,'Concertation pour avis diagnostique ou complément <<staging>>',298),(299,'Concertation pour avis thérapeutique',299),(300,'Concertation pour avis thérapeutique',300),(301,'Concertation pour avis thérapeutique',301),(302,'Prise en charge selon référentiel Régional',302),(303,'Prise en charge selon référentiel Régional',303),(304,'Prise en charge selon référentiel Régional',304),(305,'Prise en charge selon référentiel Régional',305),(306,'Prise en charge selon référentiel Régional',306),(307,'Concertation pour avis diagnostique ou complément <<staging>>',307),(308,'Concertation pour avis diagnostique ou complément <<staging>>',308),(309,'Concertation pour avis thérapeutique',309),(310,'Prise en charge selon référentiel Régional',310),(311,'Concertation pour avis diagnostique ou complément <<staging>>',311),(312,'Concertation pour avis diagnostique ou complément <<staging>>',312),(313,'Prise en charge selon référentiel Régional',313),(314,'Concertation pour avis diagnostique ou complément <<staging>>',314),(315,'Concertation pour avis diagnostique ou complément <<staging>>',315),(316,'Concertation pour avis thérapeutique',316),(317,'Prise en charge selon référentiel Régional',317),(318,'Concertation pour avis diagnostique ou complément <<staging>>',318),(319,'Prise en charge selon référentiel Régional',319),(320,'Concertation pour avis thérapeutique',320),(321,'Concertation pour avis diagnostique ou complément <<staging>>',321),(322,'Prise en charge selon référentiel Régional',322),(323,'Concertation pour avis diagnostique ou complément <<staging>>',323),(324,'Concertation pour avis thérapeutique',324),(325,'Prise en charge selon référentiel Régional',325),(326,'Concertation pour avis diagnostique ou complément <<staging>>',326),(327,'Prise en charge selon référentiel Régional',327),(328,'Concertation pour avis thérapeutique',328),(329,'Concertation pour avis thérapeutique',329),(330,'Prise en charge selon référentiel Régional',330),(331,'Prise en charge selon référentiel Régional',331),(332,'Concertation pour avis thérapeutique',332),(333,'Concertation pour avis thérapeutique',333),(334,'Concertation pour avis thérapeutique',334),(335,'Prise en charge selon référentiel Régional',335),(336,'Concertation pour avis diagnostique ou complément <<staging>>',336),(337,'Prise en charge selon référentiel Régional',337),(338,'Concertation pour avis thérapeutique',338),(339,'Concertation pour avis diagnostique ou complément <<staging>>',339),(340,'Concertation pour avis thérapeutique',340),(341,'Prise en charge selon référentiel Régional',341),(342,'Prise en charge selon référentiel Régional',342),(343,'Concertation pour avis thérapeutique',343),(344,'Concertation pour avis diagnostique ou complément <<staging>>',344),(345,'Prise en charge selon référentiel Régional',345),(346,'Concertation pour avis diagnostique ou complément <<staging>>',346),(347,'Concertation pour avis diagnostique ou complément <<staging>>',347),(348,'Concertation pour avis thérapeutique',348),(349,'Concertation pour avis thérapeutique',349),(350,'Concertation pour avis thérapeutique',350),(351,'Prise en charge selon référentiel Régional',351),(352,'Prise en charge selon référentiel Régional',352),(353,'Concertation pour avis thérapeutique',353),(354,'Prise en charge selon référentiel Régional',354),(355,'Prise en charge selon référentiel Régional',355),(356,'Prise en charge selon référentiel Régional',356),(357,'Prise en charge selon référentiel Régional',357),(358,'Prise en charge selon référentiel Régional',358),(359,'Concertation pour avis diagnostique ou complément <<staging>>',359),(360,'Concertation pour avis thérapeutique',360),(361,'Concertation pour avis diagnostique ou complément <<staging>>',361),(362,'Prise en charge selon référentiel Régional',362),(363,'Concertation pour avis diagnostique ou complément <<staging>>',363),(364,'Concertation pour avis thérapeutique',364),(365,'Concertation pour avis diagnostique ou complément <<staging>>',365),(366,'Concertation pour avis thérapeutique',366),(367,'Prise en charge selon référentiel Régional',367),(368,'Concertation pour avis thérapeutique',368),(369,'Prise en charge selon référentiel Régional',369),(370,'Prise en charge selon référentiel Régional',370),(371,'Concertation pour avis diagnostique ou complément <<staging>>',371),(372,'Concertation pour avis thérapeutique',372),(373,'Concertation pour avis diagnostique ou complément <<staging>>',373),(374,'Concertation pour avis thérapeutique',374),(375,'Concertation pour avis thérapeutique',375),(376,'Concertation pour avis diagnostique ou complément <<staging>>',376),(377,'Concertation pour avis thérapeutique',377),(378,'Prise en charge selon référentiel Régional',378),(379,'Concertation pour avis thérapeutique',379),(380,'Concertation pour avis diagnostique ou complément <<staging>>',380),(381,'Concertation pour avis thérapeutique',381),(382,'Prise en charge selon référentiel Régional',382),(383,'Concertation pour avis thérapeutique',383),(384,'Concertation pour avis thérapeutique',384),(385,'Prise en charge selon référentiel Régional',385),(386,'Prise en charge selon référentiel Régional',386),(387,'Concertation pour avis thérapeutique',387),(388,'Concertation pour avis diagnostique ou complément <<staging>>',388),(389,'Concertation pour avis thérapeutique',389),(390,'Concertation pour avis diagnostique ou complément <<staging>>',390),(391,'Concertation pour avis diagnostique ou complément <<staging>>',391),(392,'Concertation pour avis diagnostique ou complément <<staging>>',392),(393,'Concertation pour avis thérapeutique',393),(394,'Concertation pour avis diagnostique ou complément <<staging>>',394),(395,'Concertation pour avis thérapeutique',395),(396,'Concertation pour avis diagnostique ou complément <<staging>>',396),(397,'Prise en charge selon référentiel Régional',397);
/*!40000 ALTER TABLE `rcp_cause` ENABLE KEYS */;
UNLOCK TABLES;

--
-- Table structure for table `receptor`
--

DROP TABLE IF EXISTS `receptor`;
/*!40101 SET @saved_cs_client     = @@character_set_client */;
/*!40101 SET character_set_client = utf8 */;
CREATE TABLE `receptor` (
  `id` int(11) NOT NULL,
  `description` varchar(32) COLLATE utf8mb4_unicode_ci DEFAULT NULL,
  PRIMARY KEY (`id`),
  UNIQUE KEY `id` (`id`)
) ENGINE=InnoDB DEFAULT CHARSET=utf8mb4 COLLATE=utf8mb4_unicode_ci;
/*!40101 SET character_set_client = @saved_cs_client */;

--
-- Dumping data for table `receptor`
--

LOCK TABLES `receptor` WRITE;
/*!40000 ALTER TABLE `receptor` DISABLE KEYS */;
INSERT INTO `receptor` VALUES (1,'ER+'),(2,'ER-'),(3,'PR+'),(4,'PR-'),(5,'Her2(0/1+)'),(6,'Her2(3+)'),(7,'Her2 ambigu (2+)'),(8,'Her2 amplifé'),(9,'Non applicable'),(10,'Non applicable');
/*!40000 ALTER TABLE `receptor` ENABLE KEYS */;
UNLOCK TABLES;

--
-- Table structure for table `therapy`
--

DROP TABLE IF EXISTS `therapy`;
/*!40101 SET @saved_cs_client     = @@character_set_client */;
/*!40101 SET character_set_client = utf8 */;
CREATE TABLE `therapy` (
  `id` int(11) NOT NULL,
  `rcp` int(11) DEFAULT NULL,
  `place` varchar(64) COLLATE utf8mb4_unicode_ci DEFAULT NULL,
  `comment` varchar(200) COLLATE utf8mb4_unicode_ci DEFAULT NULL,
  PRIMARY KEY (`id`),
  UNIQUE KEY `id` (`id`)
) ENGINE=InnoDB DEFAULT CHARSET=utf8mb4 COLLATE=utf8mb4_unicode_ci;
/*!40101 SET character_set_client = @saved_cs_client */;

--
-- Dumping data for table `therapy`
--

LOCK TABLES `therapy` WRITE;
/*!40000 ALTER TABLE `therapy` DISABLE KEYS */;
INSERT INTO `therapy` VALUES (1,1,'Mönchengladbach','Kommentar zur Therapie 3'),(2,2,'Jena',''),(3,3,'München',''),(4,4,'Potsdam',''),(5,5,'Göttingen',''),(6,6,'Remscheid',''),(7,7,'Regensburg','Kommentar zur Therapie 2'),(8,8,'Siegen',''),(9,9,'Halle',''),(10,10,'Lübeck',''),(11,11,'Nürnberg',''),(12,12,'Hamburg',''),(13,13,'Hamburg',''),(14,14,'Bielefeld',''),(15,15,'Bonn','Kommentar zur Therapie 1'),(16,16,'Hagen',''),(17,17,'Bochum',''),(18,18,'Magdeburg','Kommentar zur Therapie 1'),(19,19,'Oldenburg','Kommentar zur Therapie 2'),(20,20,'Oldenburg','Kommentar zur Therapie 3'),(21,21,'Leipzig',''),(22,22,'München',''),(23,23,'Göttingen','Kommentar zur Therapie 1'),(24,24,'Mönchengladbach',''),(25,25,'Mainz','Kommentar zur Therapie 3'),(26,26,'Cottbus','Kommentar zur Therapie 1'),(27,27,'Hagen',''),(28,28,'Göttingen','Kommentar zur Therapie 2'),(29,29,'München',''),(30,30,'Hannover','Kommentar zur Therapie 1'),(31,31,'Erlangen',''),(32,32,'Wiesbaden',''),(33,33,'Heidelberg',''),(34,34,'Bonn','Kommentar zur Therapie 2'),(35,35,'Halle',''),(36,36,'Düsseldorf',''),(37,37,'Frankfurt',''),(38,38,'Heidelberg',''),(39,39,'Wuppertal','Kommentar zur Therapie 3'),(40,40,'München',''),(41,41,'Erlangen',''),(42,42,'Wuppertal',''),(43,43,'Chemnitz',''),(44,44,'Dortmund','Kommentar zur Therapie 1'),(45,45,'Remscheid',''),(46,46,'Krefeld','Kommentar zur Therapie 2'),(47,47,'Duisburg',''),(48,48,'Trier',''),(49,49,'Oldenburg','Kommentar zur Therapie 3'),(50,50,'Trier',''),(51,51,'Wuppertal','Kommentar zur Therapie 2'),(52,52,'Nürnberg','Kommentar zur Therapie 3'),(53,53,'Bremen',''),(54,54,'Krefeld','Kommentar zur Therapie 2'),(55,55,'Oldenburg',''),(56,56,'Regensburg',''),(57,57,'Wiesbaden',''),(58,58,'Dresden',''),(59,59,'Gelsenkirchen',''),(60,60,'Nürnberg',''),(61,61,'Karlsruhe','Kommentar zur Therapie 3'),(62,62,'Moers','Kommentar zur Therapie 2'),(63,63,'Ulm','Kommentar zur Therapie 3'),(64,64,'Magdeburg',''),(65,65,'Frankfurt','Kommentar zur Therapie 2'),(66,66,'Gelsenkirchen',''),(67,67,'Cottbus','Kommentar zur Therapie 2'),(68,68,'Potsdam','Kommentar zur Therapie 3'),(69,69,'Gelsenkirchen',''),(70,70,'Remscheid','Kommentar zur Therapie 2'),(71,71,'Hagen',''),(72,72,'Lübeck',''),(73,73,'Münster','Kommentar zur Therapie 1'),(74,74,'Stuttgart',''),(75,75,'Paderborn',''),(76,76,'Hamburg',''),(77,77,'Heidelberg',''),(78,78,'Wiesbaden',''),(79,79,'Paderborn',''),(80,80,'Mainz',''),(81,81,'Halle',''),(82,82,'Berlin','Kommentar zur Therapie 1'),(83,83,'Gelsenkirchen','Kommentar zur Therapie 3'),(84,84,'Paderborn',''),(85,85,'Kiel',''),(86,86,'Münster',''),(87,87,'Göttingen','Kommentar zur Therapie 2'),(88,88,'Düsseldorf',''),(89,89,'Erfurt',''),(90,90,'Frankfurt','Kommentar zur Therapie 1'),(91,91,'Erlangen',''),(92,92,'Leipzig','Kommentar zur Therapie 3'),(93,93,'Oldenburg','Kommentar zur Therapie 2'),(94,94,'Münster',''),(95,95,'Leipzig',''),(96,96,'Cottbus',''),(97,97,'Hannover','Kommentar zur Therapie 1'),(98,98,'Gelsenkirchen',''),(99,99,'Moers','Kommentar zur Therapie 2'),(100,100,'Dortmund','Kommentar zur Therapie 2'),(101,101,'Hagen','Kommentar zur Therapie 3'),(102,102,'Wiesbaden','Kommentar zur Therapie 3'),(103,103,'Bonn',''),(104,104,'Halle',''),(105,105,'Karlsruhe',''),(106,106,'Cottbus',''),(107,107,'Saarbrücken',''),(108,108,'Münster','Kommentar zur Therapie 2'),(109,109,'Düsseldorf',''),(110,110,'Lübeck',''),(111,111,'Ulm',''),(112,112,'Mönchengladbach',''),(113,113,'Duisburg',''),(114,114,'Ulm',''),(115,115,'Essen',''),(116,116,'Chemnitz',''),(117,117,'Mainz','Kommentar zur Therapie 2'),(118,118,'Heidelberg',''),(119,119,'Lübeck',''),(120,120,'Mainz','Kommentar zur Therapie 3'),(121,121,'Leverkusen','Kommentar zur Therapie 1'),(122,122,'Köln',''),(123,123,'Wuppertal',''),(124,124,'Halle',''),(125,125,'Berlin',''),(126,126,'Chemnitz',''),(127,127,'Saarbrücken',''),(128,128,'Bochum',''),(129,129,'Frankfurt','Kommentar zur Therapie 3'),(130,130,'Koblenz','Kommentar zur Therapie 2'),(131,131,'Kassel',''),(132,132,'Bremen','Kommentar zur Therapie 3'),(133,133,'Moers',''),(134,134,'Jena',''),(135,135,'Trier',''),(136,136,'Berlin','Kommentar zur Therapie 3'),(137,137,'Bochum','Kommentar zur Therapie 1'),(138,138,'Saarbrücken',''),(139,139,'Darmstadt',''),(140,140,'Heilbronn',''),(141,141,'Mönchengladbach',''),(142,142,'Hannover',''),(143,143,'Moers',''),(144,144,'Heilbronn',''),(145,145,'Saarbrücken',''),(146,146,'Düsseldorf',''),(147,147,'Mönchengladbach',''),(148,148,'Würzburg',''),(149,149,'Paderborn','Kommentar zur Therapie 1'),(150,150,'Berlin','Kommentar zur Therapie 2'),(151,151,'Hagen','Kommentar zur Therapie 2'),(152,152,'Regensburg',''),(153,153,'Aachen',''),(154,154,'Ulm','Kommentar zur Therapie 3'),(155,155,'Koblenz',''),(156,156,'Berlin','Kommentar zur Therapie 1'),(157,157,'Frankfurt',''),(158,158,'Erlangen',''),(159,159,'Aachen',''),(160,160,'Trier',''),(161,161,'Mönchengladbach',''),(162,162,'Hamm',''),(163,163,'Cottbus',''),(164,164,'Dortmund','Kommentar zur Therapie 1'),(165,165,'Chemnitz',''),(166,166,'Koblenz',''),(167,167,'Hannover','Kommentar zur Therapie 1'),(168,168,'Koblenz',''),(169,169,'Saarbrücken',''),(170,170,'Heilbronn',''),(171,171,'Erlangen',''),(172,172,'Bielefeld','Kommentar zur Therapie 3'),(173,173,'Saarbrücken','Kommentar zur Therapie 2'),(174,174,'Hagen','Kommentar zur Therapie 1'),(175,175,'Darmstadt','Kommentar zur Therapie 3'),(176,176,'Bielefeld',''),(177,177,'Hamm','Kommentar zur Therapie 2'),(178,178,'Remscheid',''),(179,179,'Bremen',''),(180,180,'Duisburg',''),(181,181,'Regensburg',''),(182,182,'Lübeck',''),(183,183,'München','Kommentar zur Therapie 1'),(184,184,'Essen','Kommentar zur Therapie 1'),(185,185,'Halle',''),(186,186,'Remscheid','Kommentar zur Therapie 1'),(187,187,'Hamburg','Kommentar zur Therapie 1'),(188,188,'Kiel',''),(189,189,'Dortmund','Kommentar zur Therapie 1'),(190,190,'Saarbrücken',''),(191,191,'Regensburg',''),(192,192,'Siegen',''),(193,193,'Wuppertal',''),(194,194,'Augsburg',''),(195,195,'Hamburg','Kommentar zur Therapie 3'),(196,196,'Hannover',''),(197,197,'Dresden',''),(198,198,'Halle',''),(199,199,'Chemnitz',''),(200,200,'Fürth',''),(201,201,'Heidelberg',''),(202,202,'Berlin',''),(203,203,'Regensburg',''),(204,204,'Remscheid',''),(205,205,'Kiel','Kommentar zur Therapie 2'),(206,206,'Darmstadt',''),(207,207,'Osnabrück','Kommentar zur Therapie 3'),(208,208,'Bremen','Kommentar zur Therapie 2'),(209,209,'Karlsruhe',''),(210,210,'Moers','Kommentar zur Therapie 2'),(211,211,'Regensburg','Kommentar zur Therapie 2'),(212,212,'Wiesbaden',''),(213,213,'Hamburg',''),(214,214,'München',''),(215,215,'Hamm','Kommentar zur Therapie 1'),(216,216,'Remscheid',''),(217,217,'Potsdam','Kommentar zur Therapie 2'),(218,218,'Regensburg','Kommentar zur Therapie 2'),(219,219,'Magdeburg','Kommentar zur Therapie 1'),(220,220,'Karlsruhe',''),(221,221,'Bonn','Kommentar zur Therapie 1'),(222,222,'Regensburg',''),(223,223,'Bonn','Kommentar zur Therapie 1'),(224,224,'Heidelberg','Kommentar zur Therapie 3'),(225,225,'Cottbus',''),(226,226,'Nürnberg','Kommentar zur Therapie 1'),(227,227,'Hagen',''),(228,228,'Aachen',''),(229,229,'Dresden',''),(230,230,'Aachen','Kommentar zur Therapie 2'),(231,231,'Münster','Kommentar zur Therapie 1'),(232,232,'Bielefeld',''),(233,233,'Jena','Kommentar zur Therapie 1'),(234,234,'Erfurt','Kommentar zur Therapie 1'),(235,235,'Leipzig',''),(236,236,'Nürnberg','Kommentar zur Therapie 1'),(237,237,'Erlangen','Kommentar zur Therapie 2'),(238,238,'Würzburg',''),(239,239,'Hagen',''),(240,240,'Hagen',''),(241,241,'Köln','Kommentar zur Therapie 3'),(242,242,'Erlangen',''),(243,243,'Bochum',''),(244,244,'Fürth',''),(245,245,'Bonn','Kommentar zur Therapie 3'),(246,246,'Wiesbaden','Kommentar zur Therapie 1'),(247,247,'Regensburg',''),(248,248,'Hannover','Kommentar zur Therapie 1'),(249,249,'München',''),(250,250,'Erlangen',''),(251,251,'Würzburg',''),(252,252,'Wuppertal',''),(253,253,'Hamm',''),(254,254,'Oldenburg',''),(255,255,'Jena',''),(256,256,'Würzburg',''),(257,257,'Chemnitz',''),(258,258,'Stuttgart',''),(259,259,'Mannheim','Kommentar zur Therapie 3'),(260,260,'Saarbrücken',''),(261,261,'Karlsruhe','Kommentar zur Therapie 1'),(262,262,'Potsdam','Kommentar zur Therapie 2'),(263,263,'Cottbus',''),(264,264,'Essen','Kommentar zur Therapie 2'),(265,265,'Braunschweig',''),(266,266,'Paderborn',''),(267,267,'Magdeburg',''),(268,268,'Remscheid','Kommentar zur Therapie 2'),(269,269,'Oldenburg',''),(270,270,'Bonn',''),(271,271,'Essen','Kommentar zur Therapie 3'),(272,272,'Frankfurt',''),(273,273,'Wuppertal','Kommentar zur Therapie 1'),(274,274,'Hamm',''),(275,275,'Chemnitz',''),(276,276,'Würzburg',''),(277,277,'Karlsruhe','Kommentar zur Therapie 3'),(278,278,'Mönchengladbach','Kommentar zur Therapie 1'),(279,279,'Essen','Kommentar zur Therapie 1'),(280,280,'Leipzig','Kommentar zur Therapie 3'),(281,281,'Wuppertal',''),(282,282,'Stuttgart','Kommentar zur Therapie 3'),(283,283,'Cottbus','Kommentar zur Therapie 2'),(284,284,'Augsburg',''),(285,285,'Magdeburg',''),(286,286,'Moers',''),(287,287,'Remscheid',''),(288,288,'Koblenz','Kommentar zur Therapie 2'),(289,289,'Osnabrück','Kommentar zur Therapie 2'),(290,290,'Heilbronn',''),(291,291,'Magdeburg','Kommentar zur Therapie 2'),(292,292,'Hamm','Kommentar zur Therapie 1'),(293,293,'Kiel',''),(294,294,'Essen',''),(295,295,'Osnabrück','Kommentar zur Therapie 3'),(296,296,'Augsburg','Kommentar zur Therapie 3'),(297,297,'Würzburg','Kommentar zur Therapie 3'),(298,298,'Düsseldorf',''),(299,299,'Karlsruhe',''),(300,300,'Berlin','Kommentar zur Therapie 2'),(301,301,'Rostock',''),(302,302,'Hamburg','Kommentar zur Therapie 2'),(303,303,'Mannheim','Kommentar zur Therapie 1'),(304,304,'Rostock',''),(305,305,'Darmstadt','Kommentar zur Therapie 1'),(306,306,'Regensburg',''),(307,307,'Magdeburg',''),(308,308,'Trier',''),(309,309,'Kassel',''),(310,310,'Mannheim',''),(311,311,'Berlin',''),(312,312,'Erlangen',''),(313,313,'Bielefeld',''),(314,314,'Moers',''),(315,315,'Oldenburg',''),(316,316,'Hagen','Kommentar zur Therapie 3'),(317,317,'Kassel','Kommentar zur Therapie 3'),(318,318,'Mannheim',''),(319,319,'Halle',''),(320,320,'Gelsenkirchen',''),(321,321,'Cottbus','Kommentar zur Therapie 3'),(322,322,'Lübeck',''),(323,323,'Halle','Kommentar zur Therapie 1'),(324,324,'Bielefeld',''),(325,325,'Bonn','Kommentar zur Therapie 3'),(326,326,'Leipzig',''),(327,327,'Leverkusen','Kommentar zur Therapie 3'),(328,328,'Kiel',''),(329,329,'Jena',''),(330,330,'Heilbronn',''),(331,331,'Essen',''),(332,332,'Osnabrück',''),(333,333,'Oldenburg',''),(334,334,'Frankfurt',''),(335,335,'Kiel',''),(336,336,'Bielefeld',''),(337,337,'Remscheid',''),(338,338,'Siegen','Kommentar zur Therapie 1'),(339,339,'Kassel',''),(340,340,'Aachen',''),(341,341,'Gelsenkirchen',''),(342,342,'Mönchengladbach',''),(343,343,'Krefeld','Kommentar zur Therapie 3'),(344,344,'Halle','Kommentar zur Therapie 2'),(345,345,'Erfurt',''),(346,346,'Duisburg','Kommentar zur Therapie 1'),(347,347,'Nürnberg','Kommentar zur Therapie 2'),(348,348,'Augsburg','Kommentar zur Therapie 2'),(349,349,'Dresden',''),(350,350,'Kassel',''),(351,351,'Moers',''),(352,352,'Krefeld','Kommentar zur Therapie 3'),(353,353,'Leipzig','Kommentar zur Therapie 3'),(354,354,'Kassel','Kommentar zur Therapie 3'),(355,355,'Aachen',''),(356,356,'Aachen','Kommentar zur Therapie 1'),(357,357,'Hannover','Kommentar zur Therapie 2'),(358,358,'Gelsenkirchen',''),(359,359,'Hagen','Kommentar zur Therapie 1'),(360,360,'Potsdam',''),(361,361,'Osnabrück','Kommentar zur Therapie 1'),(362,362,'Koblenz','Kommentar zur Therapie 3'),(363,363,'Trier',''),(364,364,'Magdeburg',''),(365,365,'Cottbus',''),(366,366,'Darmstadt','Kommentar zur Therapie 1'),(367,367,'Rostock',''),(368,368,'Magdeburg',''),(369,369,'Bonn','Kommentar zur Therapie 1'),(370,370,'Darmstadt',''),(371,371,'Fürth',''),(372,372,'Mönchengladbach','Kommentar zur Therapie 3'),(373,373,'Osnabrück','Kommentar zur Therapie 2'),(374,374,'Frankfurt','Kommentar zur Therapie 3'),(375,375,'Moers',''),(376,376,'Kassel',''),(377,377,'Münster','Kommentar zur Therapie 1'),(378,378,'Leverkusen',''),(379,379,'Fürth','Kommentar zur Therapie 1'),(380,380,'Bochum',''),(381,381,'Heilbronn','Kommentar zur Therapie 2'),(382,382,'Hagen',''),(383,383,'Augsburg','Kommentar zur Therapie 3'),(384,384,'Aachen','Kommentar zur Therapie 1'),(385,385,'Ulm','Kommentar zur Therapie 1'),(386,386,'Regensburg',''),(387,387,'Osnabrück','Kommentar zur Therapie 3'),(388,388,'Siegen',''),(389,389,'Halle','Kommentar zur Therapie 2'),(390,390,'Braunschweig',''),(391,391,'München',''),(392,392,'Hamburg',''),(393,393,'Chemnitz','Kommentar zur Therapie 3'),(394,394,'Dresden',''),(395,395,'Erlangen',''),(396,396,'Berlin',''),(397,397,'Halle','');
/*!40000 ALTER TABLE `therapy` ENABLE KEYS */;
UNLOCK TABLES;

--
-- Table structure for table `tnm`
--

DROP TABLE IF EXISTS `tnm`;
/*!40101 SET @saved_cs_client     = @@character_set_client */;
/*!40101 SET character_set_client = utf8 */;
CREATE TABLE `tnm` (
  `id` int(11) NOT NULL,
  `tumor` int(11) DEFAULT NULL,
  `patient` int(11) DEFAULT NULL,
  `radicalism` varchar(2) COLLATE utf8mb4_unicode_ci DEFAULT NULL,
  `metastases` int(11) DEFAULT NULL,
  `tumorsize` int(11) DEFAULT NULL,
  `affected_lymphnodes` int(11) DEFAULT NULL,
  PRIMARY KEY (`id`),
  UNIQUE KEY `id` (`id`)
) ENGINE=InnoDB DEFAULT CHARSET=utf8mb4 COLLATE=utf8mb4_unicode_ci;
/*!40101 SET character_set_client = @saved_cs_client */;

--
-- Dumping data for table `tnm`
--

LOCK TABLES `tnm` WRITE;
/*!40000 ALTER TABLE `tnm` DISABLE KEYS */;
INSERT INTO `tnm` VALUES (2,2,2,'R2',72,56,16),(5,5,5,'R1',48,47,39),(9,9,9,'R2',8,23,57),(13,13,13,'R2',98,56,53),(18,18,18,'R1',21,1,21),(21,21,21,'R1',6,97,40),(26,26,26,'R2',64,76,56),(29,29,29,'R2',42,12,58),(34,34,34,'R1',11,41,73),(37,37,37,'R1',46,98,39),(42,42,42,'R2',62,87,60),(46,46,46,'R2',40,81,82),(49,49,49,'R1',76,65,24),(53,53,53,'R1',73,8,8),(57,57,57,'R2',22,16,62),(62,62,62,'R1',19,49,6),(65,65,65,'R2',72,25,42),(69,69,69,'R1',21,35,52),(73,73,73,'R1',80,80,15),(78,78,78,'R2',90,24,65),(81,81,81,'R2',4,9,18),(85,85,85,'R1',84,90,21),(90,90,90,'R1',70,31,40),(94,94,94,'R2',13,10,61),(98,98,98,'R2',8,71,37),(102,102,102,'R2',70,36,57),(105,105,105,'R1',70,97,41),(110,110,110,'R1',81,17,16),(113,113,113,'R1',39,74,91),(118,118,118,'R2',4,10,38),(122,122,122,'R2',84,74,76),(126,126,126,'R1',25,61,65),(129,129,129,'R1',6,67,77),(133,133,133,'R2',58,77,76),(137,137,137,'R1',97,77,38),(142,142,142,'R2',23,13,20),(145,145,145,'R2',7,90,18),(149,149,149,'R2',44,32,0),(154,154,154,'R1',62,42,88),(158,158,158,'R1',31,31,39),(161,161,161,'R2',24,22,82),(166,166,166,'R1',12,29,90),(170,170,170,'R1',52,84,13),(174,174,174,'R1',30,50,84),(178,178,178,'R2',12,32,21),(181,181,181,'R2',26,78,11),(186,186,186,'R2',54,16,15),(190,190,190,'R2',74,45,90),(194,194,194,'R1',44,94,2),(197,197,197,'R1',42,62,79),(202,202,202,'R1',30,13,40),(206,206,206,'R1',77,54,7),(210,210,210,'R2',59,4,63),(214,214,214,'R1',63,11,44),(218,218,218,'R2',8,35,37),(221,221,221,'R2',83,83,57),(226,226,226,'R2',56,42,64),(229,229,229,'R1',92,1,91),(234,234,234,'R1',48,17,45),(238,238,238,'R1',79,58,76),(241,241,241,'R1',97,58,58),(246,246,246,'R2',69,26,69),(249,249,249,'R2',42,87,25),(254,254,254,'R2',6,68,62),(257,257,257,'R2',59,96,55),(262,262,262,'R2',7,77,33),(265,265,265,'R2',81,74,9),(270,270,270,'R1',88,52,98),(273,273,273,'R2',87,33,13),(277,277,277,'R1',95,92,8),(282,282,282,'R2',54,33,5),(285,285,285,'R1',80,75,1),(289,289,289,'R2',98,66,17),(293,293,293,'R1',29,30,85),(297,297,297,'R2',26,62,6),(302,302,302,'R1',25,52,36),(306,306,306,'R1',93,14,88),(309,309,309,'R1',85,99,15),(313,313,313,'R2',37,43,59),(318,318,318,'R1',24,62,52),(321,321,321,'R2',14,60,77),(325,325,325,'R2',26,19,49),(330,330,330,'R1',84,65,53),(333,333,333,'R2',31,2,90),(338,338,338,'R1',5,19,89),(342,342,342,'R2',61,35,77),(346,346,346,'R2',29,74,42),(350,350,350,'R2',47,35,12),(354,354,354,'R1',28,37,96),(358,358,358,'R1',29,64,9),(362,362,362,'R1',78,9,1),(365,365,365,'R1',46,89,95),(370,370,370,'R2',78,17,78),(374,374,374,'R2',34,94,49),(377,377,377,'R1',94,58,23),(381,381,381,'R1',94,31,58),(385,385,385,'R1',49,83,48),(390,390,390,'R1',10,15,25),(393,393,393,'R2',86,12,35),(397,397,397,'R2',11,1,43);
/*!40000 ALTER TABLE `tnm` ENABLE KEYS */;
UNLOCK TABLES;

--
-- Table structure for table `treatment`
--

DROP TABLE IF EXISTS `treatment`;
/*!40101 SET @saved_cs_client     = @@character_set_client */;
/*!40101 SET character_set_client = utf8 */;
CREATE TABLE `treatment` (
  `id` int(11) NOT NULL,
  `rcp` int(11) DEFAULT NULL,
  `therapy` int(11) DEFAULT NULL,
  `duration` int(11) DEFAULT NULL,
  `sequence` int(11) DEFAULT NULL,
  `description` varchar(100) COLLATE utf8mb4_unicode_ci DEFAULT NULL,
  `type` varchar(32) COLLATE utf8mb4_unicode_ci DEFAULT NULL,
  PRIMARY KEY (`id`),
  UNIQUE KEY `id` (`id`)
) ENGINE=InnoDB DEFAULT CHARSET=utf8mb4 COLLATE=utf8mb4_unicode_ci;
/*!40101 SET character_set_client = @saved_cs_client */;

--
-- Dumping data for table `treatment`
--

LOCK TABLES `treatment` WRITE;
/*!40000 ALTER TABLE `treatment` DISABLE KEYS */;
INSERT INTO `treatment` VALUES (1,1,1,219,1,'Soins palliatifs de support','7'),(2,1,1,313,2,'Chimio','3'),(3,2,2,352,1,'Radiologie Interventionelle','6'),(4,2,2,125,2,'Soins palliatifs de support','7'),(5,3,3,237,1,'Chimio','3'),(6,3,3,143,2,'Radiologie Interventionelle','6'),(7,4,4,114,1,'Chimio','3'),(8,4,4,68,2,'Radiologie Interventionelle','6'),(9,5,5,187,1,'Perfusion de membre isolé','2'),(10,5,5,135,2,'Radiologie Interventionelle','6'),(11,6,6,224,1,'Radiologie Interventionelle','6'),(12,6,6,78,2,'Perfusion de membre isolé','2'),(13,7,7,8,1,'Curiethérapie','5'),(14,7,7,70,2,'Soins palliatifs de support','7'),(15,8,8,205,1,'Chimio','3'),(16,8,8,231,2,'Radiothérapie externe','4'),(17,9,9,104,1,'Chimio','3'),(18,9,9,232,2,'Chimio','3'),(19,10,10,313,1,'Chimio','3'),(20,10,10,54,2,'Curiethérapie','5'),(21,11,11,170,1,'Soins palliatifs de support','7'),(22,11,11,359,2,'Perfusion de membre isolé','2'),(23,12,12,125,1,'Curiethérapie','5'),(24,12,12,182,2,'Radiologie Interventionelle','6'),(25,13,13,51,1,'Radiothérapie externe','4'),(26,13,13,341,2,'Chimio','3'),(27,14,14,315,1,'Soins palliatifs de support','7'),(28,14,14,228,2,'Chimio','3'),(29,15,15,151,1,'Chimio','3'),(30,15,15,308,2,'Perfusion de membre isolé','2'),(31,16,16,276,1,'Soins palliatifs de support','7'),(32,16,16,248,2,'Soins palliatifs de support','7'),(33,17,17,90,1,'Soins palliatifs de support','7'),(34,17,17,26,2,'Radiothérapie externe','4'),(35,18,18,351,1,'Radiologie Interventionelle','6'),(36,18,18,74,2,'Chimio','3'),(37,19,19,268,1,'Radiologie Interventionelle','6'),(38,19,19,152,2,'Perfusion de membre isolé','2'),(39,20,20,69,1,'Radiothérapie externe','4'),(40,20,20,62,2,'Soins palliatifs de support','7'),(41,21,21,96,1,'Chimio','3'),(42,21,21,356,2,'Soins palliatifs de support','7'),(43,22,22,223,1,'Radiologie Interventionelle','6'),(44,22,22,275,2,'Perfusion de membre isolé','2'),(45,23,23,273,1,'Perfusion de membre isolé','2'),(46,23,23,319,2,'Perfusion de membre isolé','2'),(47,24,24,13,1,'Radiologie Interventionelle','6'),(48,24,24,355,2,'Chirurgie','1'),(49,25,25,164,1,'Soins palliatifs de support','7'),(50,25,25,249,2,'Radiothérapie externe','4'),(51,26,26,190,1,'Curiethérapie','5'),(52,26,26,235,2,'Perfusion de membre isolé','2'),(53,27,27,11,1,'Soins palliatifs de support','7'),(54,27,27,191,2,'Radiothérapie externe','4'),(55,28,28,313,1,'Perfusion de membre isolé','2'),(56,28,28,79,2,'Curiethérapie','5'),(57,29,29,300,1,'Curiethérapie','5'),(58,29,29,57,2,'Curiethérapie','5'),(59,30,30,167,1,'Radiothérapie externe','4'),(60,30,30,165,2,'Chimio','3'),(61,31,31,197,1,'Radiothérapie externe','4'),(62,31,31,187,2,'Chirurgie','1'),(63,32,32,172,1,'Chirurgie','1'),(64,32,32,17,2,'Chimio','3'),(65,33,33,311,1,'Radiothérapie externe','4'),(66,33,33,187,2,'Soins palliatifs de support','7'),(67,34,34,89,1,'Curiethérapie','5'),(68,34,34,229,2,'Chirurgie','1'),(69,35,35,197,1,'Radiothérapie externe','4'),(70,35,35,50,2,'Radiothérapie externe','4'),(71,36,36,161,1,'Radiologie Interventionelle','6'),(72,36,36,267,2,'Chimio','3'),(73,37,37,82,1,'Radiologie Interventionelle','6'),(74,37,37,20,2,'Chimio','3'),(75,38,38,145,1,'Perfusion de membre isolé','2'),(76,38,38,249,2,'Chirurgie','1'),(77,39,39,295,1,'Curiethérapie','5'),(78,39,39,104,2,'Curiethérapie','5'),(79,40,40,196,1,'Radiothérapie externe','4'),(80,40,40,188,2,'Curiethérapie','5'),(81,41,41,56,1,'Perfusion de membre isolé','2'),(82,41,41,263,2,'Curiethérapie','5'),(83,42,42,357,1,'Radiothérapie externe','4'),(84,42,42,118,2,'Chirurgie','1'),(85,43,43,241,1,'Chimio','3'),(86,43,43,174,2,'Radiothérapie externe','4'),(87,44,44,212,1,'Chimio','3'),(88,44,44,256,2,'Radiothérapie externe','4'),(89,45,45,264,1,'Chirurgie','1'),(90,45,45,134,2,'Chimio','3'),(91,46,46,37,1,'Radiothérapie externe','4'),(92,46,46,46,2,'Chirurgie','1'),(93,47,47,97,1,'Perfusion de membre isolé','2'),(94,47,47,8,2,'Chimio','3'),(95,48,48,84,1,'Radiologie Interventionelle','6'),(96,48,48,181,2,'Soins palliatifs de support','7'),(97,49,49,296,1,'Perfusion de membre isolé','2'),(98,49,49,151,2,'Chimio','3'),(99,50,50,225,1,'Chirurgie','1'),(100,50,50,53,2,'Curiethérapie','5'),(101,51,51,287,1,'Chimio','3'),(102,51,51,292,2,'Perfusion de membre isolé','2'),(103,52,52,73,1,'Soins palliatifs de support','7'),(104,52,52,19,2,'Perfusion de membre isolé','2'),(105,53,53,15,1,'Curiethérapie','5'),(106,53,53,137,2,'Perfusion de membre isolé','2'),(107,54,54,171,1,'Radiothérapie externe','4'),(108,54,54,20,2,'Chimio','3'),(109,55,55,281,1,'Curiethérapie','5'),(110,55,55,49,2,'Perfusion de membre isolé','2'),(111,56,56,145,1,'Chimio','3'),(112,56,56,108,2,'Curiethérapie','5'),(113,57,57,105,1,'Curiethérapie','5'),(114,57,57,265,2,'Perfusion de membre isolé','2'),(115,58,58,90,1,'Perfusion de membre isolé','2'),(116,58,58,90,2,'Perfusion de membre isolé','2'),(117,59,59,145,1,'Radiothérapie externe','4'),(118,59,59,110,2,'Radiologie Interventionelle','6'),(119,60,60,175,1,'Chimio','3'),(120,60,60,348,2,'Chirurgie','1'),(121,61,61,93,1,'Radiothérapie externe','4'),(122,61,61,238,2,'Curiethérapie','5'),(123,62,62,144,1,'Perfusion de membre isolé','2'),(124,62,62,159,2,'Perfusion de membre isolé','2'),(125,63,63,364,1,'Chirurgie','1'),(126,63,63,48,2,'Curiethérapie','5'),(127,64,64,127,1,'Soins palliatifs de support','7'),(128,64,64,122,2,'Chimio','3'),(129,65,65,205,1,'Soins palliatifs de support','7'),(130,65,65,56,2,'Radiologie Interventionelle','6'),(131,66,66,214,1,'Curiethérapie','5'),(132,66,66,91,2,'Curiethérapie','5'),(133,67,67,135,1,'Curiethérapie','5'),(134,67,67,91,2,'Soins palliatifs de support','7'),(135,68,68,24,1,'Chimio','3'),(136,68,68,133,2,'Curiethérapie','5'),(137,69,69,338,1,'Radiologie Interventionelle','6'),(138,69,69,5,2,'Radiologie Interventionelle','6'),(139,70,70,298,1,'Radiologie Interventionelle','6'),(140,70,70,110,2,'Chimio','3'),(141,71,71,151,1,'Curiethérapie','5'),(142,71,71,144,2,'Perfusion de membre isolé','2'),(143,72,72,255,1,'Curiethérapie','5'),(144,72,72,117,2,'Chimio','3'),(145,73,73,317,1,'Radiothérapie externe','4'),(146,73,73,50,2,'Perfusion de membre isolé','2'),(147,74,74,227,1,'Chirurgie','1'),(148,74,74,92,2,'Chirurgie','1'),(149,75,75,198,1,'Chimio','3'),(150,75,75,142,2,'Soins palliatifs de support','7'),(151,76,76,208,1,'Soins palliatifs de support','7'),(152,76,76,308,2,'Chimio','3'),(153,77,77,174,1,'Chimio','3'),(154,77,77,269,2,'Radiologie Interventionelle','6'),(155,78,78,1,1,'Chimio','3'),(156,78,78,134,2,'Curiethérapie','5'),(157,79,79,159,1,'Curiethérapie','5'),(158,79,79,71,2,'Radiothérapie externe','4'),(159,80,80,172,1,'Soins palliatifs de support','7'),(160,80,80,245,2,'Soins palliatifs de support','7'),(161,81,81,264,1,'Chirurgie','1'),(162,81,81,329,2,'Radiologie Interventionelle','6'),(163,82,82,192,1,'Curiethérapie','5'),(164,82,82,19,2,'Soins palliatifs de support','7'),(165,83,83,195,1,'Radiothérapie externe','4'),(166,83,83,214,2,'Chirurgie','1'),(167,84,84,97,1,'Chimio','3'),(168,84,84,219,2,'Perfusion de membre isolé','2'),(169,85,85,301,1,'Curiethérapie','5'),(170,85,85,3,2,'Curiethérapie','5'),(171,86,86,29,1,'Soins palliatifs de support','7'),(172,86,86,324,2,'Chimio','3'),(173,87,87,328,1,'Soins palliatifs de support','7'),(174,87,87,350,2,'Radiologie Interventionelle','6'),(175,88,88,161,1,'Chimio','3'),(176,88,88,74,2,'Radiothérapie externe','4'),(177,89,89,61,1,'Curiethérapie','5'),(178,89,89,192,2,'Radiothérapie externe','4'),(179,90,90,301,1,'Radiothérapie externe','4'),(180,90,90,234,2,'Soins palliatifs de support','7'),(181,91,91,296,1,'Radiologie Interventionelle','6'),(182,91,91,261,2,'Chimio','3'),(183,92,92,28,1,'Perfusion de membre isolé','2'),(184,92,92,285,2,'Radiothérapie externe','4'),(185,93,93,95,1,'Radiothérapie externe','4'),(186,93,93,233,2,'Chirurgie','1'),(187,94,94,300,1,'Radiologie Interventionelle','6'),(188,94,94,283,2,'Curiethérapie','5'),(189,95,95,267,1,'Radiothérapie externe','4'),(190,95,95,292,2,'Curiethérapie','5'),(191,96,96,270,1,'Chirurgie','1'),(192,96,96,17,2,'Curiethérapie','5'),(193,97,97,99,1,'Chirurgie','1'),(194,97,97,104,2,'Curiethérapie','5'),(195,98,98,295,1,'Perfusion de membre isolé','2'),(196,98,98,345,2,'Radiothérapie externe','4'),(197,99,99,3,1,'Chimio','3'),(198,99,99,299,2,'Curiethérapie','5'),(199,100,100,294,1,'Chimio','3'),(200,100,100,17,2,'Radiologie Interventionelle','6'),(201,101,101,210,1,'Curiethérapie','5'),(202,101,101,5,2,'Chirurgie','1'),(203,102,102,252,1,'Chimio','3'),(204,102,102,353,2,'Radiothérapie externe','4'),(205,103,103,333,1,'Radiologie Interventionelle','6'),(206,103,103,105,2,'Chirurgie','1'),(207,104,104,255,1,'Radiothérapie externe','4'),(208,104,104,304,2,'Curiethérapie','5'),(209,105,105,325,1,'Chirurgie','1'),(210,105,105,86,2,'Curiethérapie','5'),(211,106,106,66,1,'Radiologie Interventionelle','6'),(212,106,106,296,2,'Chirurgie','1'),(213,107,107,177,1,'Chirurgie','1'),(214,107,107,179,2,'Chirurgie','1'),(215,108,108,214,1,'Radiothérapie externe','4'),(216,108,108,129,2,'Radiologie Interventionelle','6'),(217,109,109,161,1,'Radiologie Interventionelle','6'),(218,109,109,115,2,'Radiothérapie externe','4'),(219,110,110,45,1,'Soins palliatifs de support','7'),(220,110,110,12,2,'Radiologie Interventionelle','6'),(221,111,111,238,1,'Curiethérapie','5'),(222,111,111,166,2,'Chirurgie','1'),(223,112,112,347,1,'Chirurgie','1'),(224,112,112,40,2,'Soins palliatifs de support','7'),(225,113,113,248,1,'Soins palliatifs de support','7'),(226,113,113,15,2,'Perfusion de membre isolé','2'),(227,114,114,360,1,'Soins palliatifs de support','7'),(228,114,114,90,2,'Soins palliatifs de support','7'),(229,115,115,60,1,'Soins palliatifs de support','7'),(230,115,115,193,2,'Perfusion de membre isolé','2'),(231,116,116,231,1,'Radiothérapie externe','4'),(232,116,116,5,2,'Radiologie Interventionelle','6'),(233,117,117,18,1,'Soins palliatifs de support','7'),(234,117,117,350,2,'Chimio','3'),(235,118,118,20,1,'Curiethérapie','5'),(236,118,118,16,2,'Soins palliatifs de support','7'),(237,119,119,305,1,'Curiethérapie','5'),(238,119,119,30,2,'Radiologie Interventionelle','6'),(239,120,120,283,1,'Curiethérapie','5'),(240,120,120,9,2,'Soins palliatifs de support','7'),(241,121,121,119,1,'Curiethérapie','5'),(242,121,121,22,2,'Radiologie Interventionelle','6'),(243,122,122,277,1,'Chirurgie','1'),(244,122,122,335,2,'Radiologie Interventionelle','6'),(245,123,123,210,1,'Radiothérapie externe','4'),(246,123,123,300,2,'Radiothérapie externe','4'),(247,124,124,73,1,'Soins palliatifs de support','7'),(248,124,124,363,2,'Chimio','3'),(249,125,125,356,1,'Chirurgie','1'),(250,125,125,120,2,'Chirurgie','1'),(251,126,126,262,1,'Perfusion de membre isolé','2'),(252,126,126,249,2,'Chirurgie','1'),(253,127,127,264,1,'Soins palliatifs de support','7'),(254,127,127,78,2,'Chimio','3'),(255,128,128,257,1,'Perfusion de membre isolé','2'),(256,128,128,95,2,'Soins palliatifs de support','7'),(257,129,129,30,1,'Chirurgie','1'),(258,129,129,246,2,'Chirurgie','1'),(259,130,130,341,1,'Radiologie Interventionelle','6'),(260,130,130,318,2,'Chirurgie','1'),(261,131,131,69,1,'Chimio','3'),(262,131,131,187,2,'Soins palliatifs de support','7'),(263,132,132,291,1,'Chirurgie','1'),(264,132,132,173,2,'Chimio','3'),(265,133,133,118,1,'Radiothérapie externe','4'),(266,133,133,257,2,'Chirurgie','1'),(267,134,134,247,1,'Perfusion de membre isolé','2'),(268,134,134,225,2,'Curiethérapie','5'),(269,135,135,323,1,'Radiothérapie externe','4'),(270,135,135,338,2,'Radiologie Interventionelle','6'),(271,136,136,130,1,'Chimio','3'),(272,136,136,68,2,'Soins palliatifs de support','7'),(273,137,137,181,1,'Perfusion de membre isolé','2'),(274,137,137,320,2,'Perfusion de membre isolé','2'),(275,138,138,192,1,'Soins palliatifs de support','7'),(276,138,138,197,2,'Soins palliatifs de support','7'),(277,139,139,355,1,'Chirurgie','1'),(278,139,139,135,2,'Curiethérapie','5'),(279,140,140,252,1,'Chirurgie','1'),(280,140,140,233,2,'Chimio','3'),(281,141,141,35,1,'Soins palliatifs de support','7'),(282,141,141,182,2,'Chimio','3'),(283,142,142,40,1,'Chirurgie','1'),(284,142,142,38,2,'Soins palliatifs de support','7'),(285,143,143,145,1,'Radiologie Interventionelle','6'),(286,143,143,129,2,'Soins palliatifs de support','7'),(287,144,144,203,1,'Perfusion de membre isolé','2'),(288,144,144,115,2,'Chirurgie','1'),(289,145,145,158,1,'Radiologie Interventionelle','6'),(290,145,145,39,2,'Soins palliatifs de support','7'),(291,146,146,4,1,'Radiothérapie externe','4'),(292,146,146,355,2,'Chirurgie','1'),(293,147,147,81,1,'Radiologie Interventionelle','6'),(294,147,147,166,2,'Perfusion de membre isolé','2'),(295,148,148,217,1,'Radiothérapie externe','4'),(296,148,148,267,2,'Radiologie Interventionelle','6'),(297,149,149,302,1,'Radiothérapie externe','4'),(298,149,149,254,2,'Soins palliatifs de support','7'),(299,150,150,126,1,'Chimio','3'),(300,150,150,312,2,'Chirurgie','1'),(301,151,151,103,1,'Chimio','3'),(302,151,151,346,2,'Perfusion de membre isolé','2'),(303,152,152,244,1,'Chimio','3'),(304,152,152,350,2,'Radiothérapie externe','4'),(305,153,153,117,1,'Curiethérapie','5'),(306,153,153,117,2,'Soins palliatifs de support','7'),(307,154,154,188,1,'Chirurgie','1'),(308,154,154,119,2,'Radiothérapie externe','4'),(309,155,155,224,1,'Chirurgie','1'),(310,155,155,1,2,'Radiothérapie externe','4'),(311,156,156,243,1,'Chirurgie','1'),(312,156,156,135,2,'Radiologie Interventionelle','6'),(313,157,157,170,1,'Chirurgie','1'),(314,157,157,206,2,'Radiothérapie externe','4'),(315,158,158,238,1,'Chirurgie','1'),(316,158,158,57,2,'Soins palliatifs de support','7'),(317,159,159,74,1,'Soins palliatifs de support','7'),(318,159,159,6,2,'Radiologie Interventionelle','6'),(319,160,160,71,1,'Curiethérapie','5'),(320,160,160,59,2,'Perfusion de membre isolé','2'),(321,161,161,240,1,'Radiothérapie externe','4'),(322,161,161,126,2,'Chirurgie','1'),(323,162,162,77,1,'Radiologie Interventionelle','6'),(324,162,162,222,2,'Chirurgie','1'),(325,163,163,192,1,'Chimio','3'),(326,163,163,209,2,'Chirurgie','1'),(327,164,164,264,1,'Curiethérapie','5'),(328,164,164,27,2,'Curiethérapie','5'),(329,165,165,183,1,'Chirurgie','1'),(330,165,165,226,2,'Soins palliatifs de support','7'),(331,166,166,98,1,'Radiologie Interventionelle','6'),(332,166,166,84,2,'Soins palliatifs de support','7'),(333,167,167,147,1,'Soins palliatifs de support','7'),(334,167,167,174,2,'Soins palliatifs de support','7'),(335,168,168,231,1,'Chimio','3'),(336,168,168,321,2,'Radiothérapie externe','4'),(337,169,169,280,1,'Chimio','3'),(338,169,169,159,2,'Chirurgie','1'),(339,170,170,357,1,'Perfusion de membre isolé','2'),(340,170,170,239,2,'Curiethérapie','5'),(341,171,171,226,1,'Perfusion de membre isolé','2'),(342,171,171,163,2,'Perfusion de membre isolé','2'),(343,172,172,261,1,'Perfusion de membre isolé','2'),(344,172,172,32,2,'Chimio','3'),(345,173,173,126,1,'Radiothérapie externe','4'),(346,173,173,303,2,'Chimio','3'),(347,174,174,256,1,'Radiothérapie externe','4'),(348,174,174,310,2,'Radiothérapie externe','4'),(349,175,175,329,1,'Radiologie Interventionelle','6'),(350,175,175,322,2,'Chirurgie','1'),(351,176,176,209,1,'Soins palliatifs de support','7'),(352,176,176,148,2,'Soins palliatifs de support','7'),(353,177,177,294,1,'Radiologie Interventionelle','6'),(354,177,177,47,2,'Soins palliatifs de support','7'),(355,178,178,118,1,'Soins palliatifs de support','7'),(356,178,178,142,2,'Curiethérapie','5'),(357,179,179,232,1,'Curiethérapie','5'),(358,179,179,99,2,'Radiothérapie externe','4'),(359,180,180,166,1,'Soins palliatifs de support','7'),(360,180,180,154,2,'Radiothérapie externe','4'),(361,181,181,350,1,'Radiothérapie externe','4'),(362,181,181,25,2,'Radiothérapie externe','4'),(363,182,182,89,1,'Chirurgie','1'),(364,182,182,73,2,'Curiethérapie','5'),(365,183,183,341,1,'Chimio','3'),(366,183,183,254,2,'Soins palliatifs de support','7'),(367,184,184,12,1,'Radiologie Interventionelle','6'),(368,184,184,16,2,'Perfusion de membre isolé','2'),(369,185,185,4,1,'Curiethérapie','5'),(370,185,185,116,2,'Chirurgie','1'),(371,186,186,195,1,'Radiologie Interventionelle','6'),(372,186,186,107,2,'Perfusion de membre isolé','2'),(373,187,187,172,1,'Soins palliatifs de support','7'),(374,187,187,348,2,'Chirurgie','1'),(375,188,188,210,1,'Perfusion de membre isolé','2'),(376,188,188,58,2,'Radiothérapie externe','4'),(377,189,189,268,1,'Perfusion de membre isolé','2'),(378,189,189,304,2,'Curiethérapie','5'),(379,190,190,285,1,'Radiothérapie externe','4'),(380,190,190,362,2,'Perfusion de membre isolé','2'),(381,191,191,235,1,'Curiethérapie','5'),(382,191,191,294,2,'Curiethérapie','5'),(383,192,192,28,1,'Soins palliatifs de support','7'),(384,192,192,15,2,'Curiethérapie','5'),(385,193,193,78,1,'Curiethérapie','5'),(386,193,193,215,2,'Curiethérapie','5'),(387,194,194,34,1,'Perfusion de membre isolé','2'),(388,194,194,54,2,'Soins palliatifs de support','7'),(389,195,195,185,1,'Radiothérapie externe','4'),(390,195,195,296,2,'Radiothérapie externe','4'),(391,196,196,284,1,'Perfusion de membre isolé','2'),(392,196,196,0,2,'Radiothérapie externe','4'),(393,197,197,230,1,'Radiothérapie externe','4'),(394,197,197,68,2,'Radiologie Interventionelle','6'),(395,198,198,294,1,'Chirurgie','1'),(396,198,198,305,2,'Soins palliatifs de support','7'),(397,199,199,12,1,'Chirurgie','1'),(398,199,199,110,2,'Perfusion de membre isolé','2'),(399,200,200,237,1,'Soins palliatifs de support','7'),(400,200,200,277,2,'Perfusion de membre isolé','2'),(401,201,201,216,1,'Perfusion de membre isolé','2'),(402,201,201,291,2,'Perfusion de membre isolé','2'),(403,202,202,123,1,'Curiethérapie','5'),(404,202,202,15,2,'Radiothérapie externe','4'),(405,203,203,57,1,'Radiothérapie externe','4'),(406,203,203,349,2,'Soins palliatifs de support','7'),(407,204,204,102,1,'Curiethérapie','5'),(408,204,204,27,2,'Soins palliatifs de support','7'),(409,205,205,196,1,'Chimio','3'),(410,205,205,360,2,'Chirurgie','1'),(411,206,206,265,1,'Soins palliatifs de support','7'),(412,206,206,308,2,'Curiethérapie','5'),(413,207,207,49,1,'Perfusion de membre isolé','2'),(414,207,207,179,2,'Radiologie Interventionelle','6'),(415,208,208,249,1,'Radiologie Interventionelle','6'),(416,208,208,36,2,'Perfusion de membre isolé','2'),(417,209,209,243,1,'Chimio','3'),(418,209,209,331,2,'Perfusion de membre isolé','2'),(419,210,210,134,1,'Curiethérapie','5'),(420,210,210,212,2,'Perfusion de membre isolé','2'),(421,211,211,253,1,'Soins palliatifs de support','7'),(422,211,211,348,2,'Chimio','3'),(423,212,212,203,1,'Soins palliatifs de support','7'),(424,212,212,358,2,'Chimio','3'),(425,213,213,339,1,'Curiethérapie','5'),(426,213,213,120,2,'Curiethérapie','5'),(427,214,214,141,1,'Perfusion de membre isolé','2'),(428,214,214,183,2,'Soins palliatifs de support','7'),(429,215,215,176,1,'Chimio','3'),(430,215,215,60,2,'Perfusion de membre isolé','2'),(431,216,216,160,1,'Soins palliatifs de support','7'),(432,216,216,69,2,'Radiothérapie externe','4'),(433,217,217,207,1,'Perfusion de membre isolé','2'),(434,217,217,25,2,'Chirurgie','1'),(435,218,218,80,1,'Radiothérapie externe','4'),(436,218,218,148,2,'Chirurgie','1'),(437,219,219,118,1,'Perfusion de membre isolé','2'),(438,219,219,260,2,'Curiethérapie','5'),(439,220,220,114,1,'Radiothérapie externe','4'),(440,220,220,37,2,'Chirurgie','1'),(441,221,221,262,1,'Soins palliatifs de support','7'),(442,221,221,93,2,'Chirurgie','1'),(443,222,222,312,1,'Perfusion de membre isolé','2'),(444,222,222,285,2,'Perfusion de membre isolé','2'),(445,223,223,283,1,'Chimio','3'),(446,223,223,47,2,'Radiothérapie externe','4'),(447,224,224,41,1,'Radiothérapie externe','4'),(448,224,224,110,2,'Radiothérapie externe','4'),(449,225,225,195,1,'Radiologie Interventionelle','6'),(450,225,225,351,2,'Radiologie Interventionelle','6'),(451,226,226,94,1,'Curiethérapie','5'),(452,226,226,333,2,'Chimio','3'),(453,227,227,177,1,'Chimio','3'),(454,227,227,228,2,'Perfusion de membre isolé','2'),(455,228,228,253,1,'Chirurgie','1'),(456,228,228,53,2,'Radiologie Interventionelle','6'),(457,229,229,148,1,'Chimio','3'),(458,229,229,262,2,'Curiethérapie','5'),(459,230,230,170,1,'Soins palliatifs de support','7'),(460,230,230,182,2,'Chirurgie','1'),(461,231,231,308,1,'Radiothérapie externe','4'),(462,231,231,354,2,'Chirurgie','1'),(463,232,232,247,1,'Chimio','3'),(464,232,232,12,2,'Perfusion de membre isolé','2'),(465,233,233,246,1,'Chirurgie','1'),(466,233,233,133,2,'Curiethérapie','5'),(467,234,234,314,1,'Curiethérapie','5'),(468,234,234,90,2,'Radiologie Interventionelle','6'),(469,235,235,160,1,'Radiothérapie externe','4'),(470,235,235,354,2,'Chirurgie','1'),(471,236,236,282,1,'Chimio','3'),(472,236,236,346,2,'Perfusion de membre isolé','2'),(473,237,237,164,1,'Curiethérapie','5'),(474,237,237,287,2,'Radiothérapie externe','4'),(475,238,238,39,1,'Chimio','3'),(476,238,238,345,2,'Radiothérapie externe','4'),(477,239,239,301,1,'Curiethérapie','5'),(478,239,239,26,2,'Radiothérapie externe','4'),(479,240,240,359,1,'Chirurgie','1'),(480,240,240,265,2,'Chimio','3'),(481,241,241,348,1,'Chirurgie','1'),(482,241,241,364,2,'Radiologie Interventionelle','6'),(483,242,242,109,1,'Perfusion de membre isolé','2'),(484,242,242,199,2,'Chimio','3'),(485,243,243,25,1,'Chimio','3'),(486,243,243,205,2,'Soins palliatifs de support','7'),(487,244,244,99,1,'Curiethérapie','5'),(488,244,244,196,2,'Chimio','3'),(489,245,245,330,1,'Chirurgie','1'),(490,245,245,37,2,'Soins palliatifs de support','7'),(491,246,246,271,1,'Perfusion de membre isolé','2'),(492,246,246,265,2,'Chirurgie','1'),(493,247,247,225,1,'Soins palliatifs de support','7'),(494,247,247,326,2,'Radiologie Interventionelle','6'),(495,248,248,42,1,'Chimio','3'),(496,248,248,56,2,'Chimio','3'),(497,249,249,173,1,'Chimio','3'),(498,249,249,220,2,'Perfusion de membre isolé','2'),(499,250,250,341,1,'Perfusion de membre isolé','2'),(500,250,250,157,2,'Curiethérapie','5'),(501,251,251,348,1,'Perfusion de membre isolé','2'),(502,251,251,229,2,'Perfusion de membre isolé','2'),(503,252,252,192,1,'Soins palliatifs de support','7'),(504,252,252,152,2,'Radiologie Interventionelle','6'),(505,253,253,104,1,'Soins palliatifs de support','7'),(506,253,253,215,2,'Soins palliatifs de support','7'),(507,254,254,78,1,'Chimio','3'),(508,254,254,330,2,'Curiethérapie','5'),(509,255,255,206,1,'Soins palliatifs de support','7'),(510,255,255,175,2,'Soins palliatifs de support','7'),(511,256,256,355,1,'Soins palliatifs de support','7'),(512,256,256,163,2,'Chimio','3'),(513,257,257,350,1,'Soins palliatifs de support','7'),(514,257,257,100,2,'Radiothérapie externe','4'),(515,258,258,218,1,'Perfusion de membre isolé','2'),(516,258,258,267,2,'Soins palliatifs de support','7'),(517,259,259,251,1,'Perfusion de membre isolé','2'),(518,259,259,357,2,'Perfusion de membre isolé','2'),(519,260,260,265,1,'Perfusion de membre isolé','2'),(520,260,260,46,2,'Chimio','3'),(521,261,261,261,1,'Perfusion de membre isolé','2'),(522,261,261,150,2,'Soins palliatifs de support','7'),(523,262,262,99,1,'Radiologie Interventionelle','6'),(524,262,262,123,2,'Perfusion de membre isolé','2'),(525,263,263,145,1,'Chimio','3'),(526,263,263,89,2,'Radiothérapie externe','4'),(527,264,264,51,1,'Chimio','3'),(528,264,264,96,2,'Chimio','3'),(529,265,265,191,1,'Curiethérapie','5'),(530,265,265,18,2,'Curiethérapie','5'),(531,266,266,100,1,'Chirurgie','1'),(532,266,266,180,2,'Radiothérapie externe','4'),(533,267,267,163,1,'Soins palliatifs de support','7'),(534,267,267,139,2,'Curiethérapie','5'),(535,268,268,133,1,'Radiothérapie externe','4'),(536,268,268,17,2,'Radiothérapie externe','4'),(537,269,269,108,1,'Perfusion de membre isolé','2'),(538,269,269,65,2,'Chimio','3'),(539,270,270,311,1,'Chimio','3'),(540,270,270,112,2,'Chimio','3'),(541,271,271,160,1,'Radiothérapie externe','4'),(542,271,271,357,2,'Perfusion de membre isolé','2'),(543,272,272,354,1,'Perfusion de membre isolé','2'),(544,272,272,78,2,'Curiethérapie','5'),(545,273,273,241,1,'Soins palliatifs de support','7'),(546,273,273,265,2,'Radiothérapie externe','4'),(547,274,274,363,1,'Perfusion de membre isolé','2'),(548,274,274,74,2,'Perfusion de membre isolé','2'),(549,275,275,291,1,'Chimio','3'),(550,275,275,80,2,'Chimio','3'),(551,276,276,362,1,'Radiothérapie externe','4'),(552,276,276,165,2,'Radiothérapie externe','4'),(553,277,277,270,1,'Perfusion de membre isolé','2'),(554,277,277,150,2,'Radiologie Interventionelle','6'),(555,278,278,230,1,'Soins palliatifs de support','7'),(556,278,278,141,2,'Radiothérapie externe','4'),(557,279,279,10,1,'Chimio','3'),(558,279,279,46,2,'Soins palliatifs de support','7'),(559,280,280,341,1,'Chimio','3'),(560,280,280,202,2,'Curiethérapie','5'),(561,281,281,189,1,'Chirurgie','1'),(562,281,281,352,2,'Chimio','3'),(563,282,282,6,1,'Curiethérapie','5'),(564,282,282,106,2,'Radiothérapie externe','4'),(565,283,283,285,1,'Chimio','3'),(566,283,283,140,2,'Radiologie Interventionelle','6'),(567,284,284,58,1,'Chirurgie','1'),(568,284,284,292,2,'Radiothérapie externe','4'),(569,285,285,89,1,'Chirurgie','1'),(570,285,285,86,2,'Soins palliatifs de support','7'),(571,286,286,289,1,'Radiologie Interventionelle','6'),(572,286,286,197,2,'Chimio','3'),(573,287,287,83,1,'Radiologie Interventionelle','6'),(574,287,287,113,2,'Radiothérapie externe','4'),(575,288,288,83,1,'Radiothérapie externe','4'),(576,288,288,33,2,'Radiologie Interventionelle','6'),(577,289,289,141,1,'Radiothérapie externe','4'),(578,289,289,223,2,'Chirurgie','1'),(579,290,290,79,1,'Chimio','3'),(580,290,290,313,2,'Perfusion de membre isolé','2'),(581,291,291,80,1,'Soins palliatifs de support','7'),(582,291,291,151,2,'Radiothérapie externe','4'),(583,292,292,242,1,'Radiologie Interventionelle','6'),(584,292,292,108,2,'Perfusion de membre isolé','2'),(585,293,293,231,1,'Radiologie Interventionelle','6'),(586,293,293,130,2,'Radiologie Interventionelle','6'),(587,294,294,28,1,'Chimio','3'),(588,294,294,183,2,'Chirurgie','1'),(589,295,295,277,1,'Radiologie Interventionelle','6'),(590,295,295,33,2,'Soins palliatifs de support','7'),(591,296,296,226,1,'Chimio','3'),(592,296,296,135,2,'Curiethérapie','5'),(593,297,297,168,1,'Chimio','3'),(594,297,297,101,2,'Chirurgie','1'),(595,298,298,281,1,'Chimio','3'),(596,298,298,243,2,'Chimio','3'),(597,299,299,101,1,'Chirurgie','1'),(598,299,299,330,2,'Perfusion de membre isolé','2'),(599,300,300,4,1,'Chimio','3'),(600,300,300,250,2,'Soins palliatifs de support','7'),(601,301,301,265,1,'Curiethérapie','5'),(602,301,301,94,2,'Perfusion de membre isolé','2'),(603,302,302,23,1,'Soins palliatifs de support','7'),(604,302,302,139,2,'Radiothérapie externe','4'),(605,303,303,70,1,'Chimio','3'),(606,303,303,0,2,'Radiologie Interventionelle','6'),(607,304,304,196,1,'Soins palliatifs de support','7'),(608,304,304,40,2,'Soins palliatifs de support','7'),(609,305,305,307,1,'Chirurgie','1'),(610,305,305,64,2,'Chirurgie','1'),(611,306,306,15,1,'Chirurgie','1'),(612,306,306,143,2,'Radiothérapie externe','4'),(613,307,307,107,1,'Radiologie Interventionelle','6'),(614,307,307,49,2,'Curiethérapie','5'),(615,308,308,53,1,'Curiethérapie','5'),(616,308,308,117,2,'Perfusion de membre isolé','2'),(617,309,309,355,1,'Radiologie Interventionelle','6'),(618,309,309,240,2,'Radiothérapie externe','4'),(619,310,310,257,1,'Radiologie Interventionelle','6'),(620,310,310,194,2,'Chimio','3'),(621,311,311,145,1,'Curiethérapie','5'),(622,311,311,292,2,'Curiethérapie','5'),(623,312,312,156,1,'Curiethérapie','5'),(624,312,312,314,2,'Curiethérapie','5'),(625,313,313,292,1,'Perfusion de membre isolé','2'),(626,313,313,78,2,'Radiothérapie externe','4'),(627,314,314,279,1,'Soins palliatifs de support','7'),(628,314,314,33,2,'Curiethérapie','5'),(629,315,315,307,1,'Radiothérapie externe','4'),(630,315,315,358,2,'Perfusion de membre isolé','2'),(631,316,316,153,1,'Chimio','3'),(632,316,316,160,2,'Soins palliatifs de support','7'),(633,317,317,122,1,'Perfusion de membre isolé','2'),(634,317,317,82,2,'Soins palliatifs de support','7'),(635,318,318,40,1,'Curiethérapie','5'),(636,318,318,241,2,'Soins palliatifs de support','7'),(637,319,319,85,1,'Radiologie Interventionelle','6'),(638,319,319,4,2,'Curiethérapie','5'),(639,320,320,129,1,'Chirurgie','1'),(640,320,320,345,2,'Radiologie Interventionelle','6'),(641,321,321,99,1,'Chirurgie','1'),(642,321,321,113,2,'Curiethérapie','5'),(643,322,322,160,1,'Perfusion de membre isolé','2'),(644,322,322,352,2,'Radiothérapie externe','4'),(645,323,323,16,1,'Curiethérapie','5'),(646,323,323,18,2,'Curiethérapie','5'),(647,324,324,299,1,'Soins palliatifs de support','7'),(648,324,324,269,2,'Soins palliatifs de support','7'),(649,325,325,150,1,'Perfusion de membre isolé','2'),(650,325,325,193,2,'Chimio','3'),(651,326,326,215,1,'Curiethérapie','5'),(652,326,326,72,2,'Chimio','3'),(653,327,327,175,1,'Chimio','3'),(654,327,327,247,2,'Perfusion de membre isolé','2'),(655,328,328,308,1,'Chimio','3'),(656,328,328,230,2,'Radiologie Interventionelle','6'),(657,329,329,224,1,'Curiethérapie','5'),(658,329,329,359,2,'Chirurgie','1'),(659,330,330,2,1,'Perfusion de membre isolé','2'),(660,330,330,120,2,'Radiologie Interventionelle','6'),(661,331,331,55,1,'Chirurgie','1'),(662,331,331,30,2,'Perfusion de membre isolé','2'),(663,332,332,158,1,'Radiothérapie externe','4'),(664,332,332,59,2,'Radiologie Interventionelle','6'),(665,333,333,299,1,'Soins palliatifs de support','7'),(666,333,333,91,2,'Radiologie Interventionelle','6'),(667,334,334,341,1,'Chirurgie','1'),(668,334,334,332,2,'Chirurgie','1'),(669,335,335,18,1,'Radiothérapie externe','4'),(670,335,335,142,2,'Soins palliatifs de support','7'),(671,336,336,360,1,'Radiothérapie externe','4'),(672,336,336,203,2,'Radiologie Interventionelle','6'),(673,337,337,223,1,'Chirurgie','1'),(674,337,337,71,2,'Chimio','3'),(675,338,338,272,1,'Perfusion de membre isolé','2'),(676,338,338,315,2,'Chimio','3'),(677,339,339,122,1,'Radiothérapie externe','4'),(678,339,339,214,2,'Curiethérapie','5'),(679,340,340,68,1,'Perfusion de membre isolé','2'),(680,340,340,351,2,'Chimio','3'),(681,341,341,302,1,'Soins palliatifs de support','7'),(682,341,341,235,2,'Perfusion de membre isolé','2'),(683,342,342,350,1,'Soins palliatifs de support','7'),(684,342,342,278,2,'Radiologie Interventionelle','6'),(685,343,343,149,1,'Radiothérapie externe','4'),(686,343,343,204,2,'Soins palliatifs de support','7'),(687,344,344,284,1,'Radiologie Interventionelle','6'),(688,344,344,148,2,'Soins palliatifs de support','7'),(689,345,345,268,1,'Curiethérapie','5'),(690,345,345,152,2,'Soins palliatifs de support','7'),(691,346,346,162,1,'Radiologie Interventionelle','6'),(692,346,346,35,2,'Chimio','3'),(693,347,347,288,1,'Chirurgie','1'),(694,347,347,275,2,'Perfusion de membre isolé','2'),(695,348,348,293,1,'Radiologie Interventionelle','6'),(696,348,348,362,2,'Radiothérapie externe','4'),(697,349,349,85,1,'Chimio','3'),(698,349,349,86,2,'Curiethérapie','5'),(699,350,350,101,1,'Radiologie Interventionelle','6'),(700,350,350,11,2,'Chirurgie','1'),(701,351,351,106,1,'Soins palliatifs de support','7'),(702,351,351,341,2,'Radiothérapie externe','4'),(703,352,352,266,1,'Soins palliatifs de support','7'),(704,352,352,307,2,'Perfusion de membre isolé','2'),(705,353,353,233,1,'Radiologie Interventionelle','6'),(706,353,353,355,2,'Radiologie Interventionelle','6'),(707,354,354,293,1,'Radiothérapie externe','4'),(708,354,354,53,2,'Curiethérapie','5'),(709,355,355,5,1,'Radiologie Interventionelle','6'),(710,355,355,211,2,'Curiethérapie','5'),(711,356,356,13,1,'Radiothérapie externe','4'),(712,356,356,97,2,'Perfusion de membre isolé','2'),(713,357,357,179,1,'Radiologie Interventionelle','6'),(714,357,357,289,2,'Perfusion de membre isolé','2'),(715,358,358,126,1,'Radiothérapie externe','4'),(716,358,358,245,2,'Chimio','3'),(717,359,359,227,1,'Radiothérapie externe','4'),(718,359,359,134,2,'Soins palliatifs de support','7'),(719,360,360,257,1,'Soins palliatifs de support','7'),(720,360,360,247,2,'Radiothérapie externe','4'),(721,361,361,338,1,'Perfusion de membre isolé','2'),(722,361,361,228,2,'Soins palliatifs de support','7'),(723,362,362,39,1,'Radiothérapie externe','4'),(724,362,362,258,2,'Radiologie Interventionelle','6'),(725,363,363,150,1,'Chirurgie','1'),(726,363,363,103,2,'Curiethérapie','5'),(727,364,364,51,1,'Soins palliatifs de support','7'),(728,364,364,274,2,'Radiologie Interventionelle','6'),(729,365,365,35,1,'Radiologie Interventionelle','6'),(730,365,365,192,2,'Soins palliatifs de support','7'),(731,366,366,273,1,'Curiethérapie','5'),(732,366,366,340,2,'Chimio','3'),(733,367,367,263,1,'Chimio','3'),(734,367,367,307,2,'Soins palliatifs de support','7'),(735,368,368,10,1,'Radiothérapie externe','4'),(736,368,368,112,2,'Curiethérapie','5'),(737,369,369,51,1,'Chimio','3'),(738,369,369,143,2,'Curiethérapie','5'),(739,370,370,47,1,'Radiothérapie externe','4'),(740,370,370,109,2,'Chimio','3'),(741,371,371,30,1,'Perfusion de membre isolé','2'),(742,371,371,340,2,'Chirurgie','1'),(743,372,372,217,1,'Chimio','3'),(744,372,372,158,2,'Chirurgie','1'),(745,373,373,77,1,'Chimio','3'),(746,373,373,199,2,'Chirurgie','1'),(747,374,374,268,1,'Chimio','3'),(748,374,374,80,2,'Radiologie Interventionelle','6'),(749,375,375,270,1,'Chirurgie','1'),(750,375,375,271,2,'Chirurgie','1'),(751,376,376,302,1,'Radiothérapie externe','4'),(752,376,376,136,2,'Radiothérapie externe','4'),(753,377,377,12,1,'Perfusion de membre isolé','2'),(754,377,377,239,2,'Radiothérapie externe','4'),(755,378,378,104,1,'Radiologie Interventionelle','6'),(756,378,378,271,2,'Soins palliatifs de support','7'),(757,379,379,330,1,'Perfusion de membre isolé','2'),(758,379,379,128,2,'Curiethérapie','5'),(759,380,380,28,1,'Chirurgie','1'),(760,380,380,221,2,'Chimio','3'),(761,381,381,200,1,'Soins palliatifs de support','7'),(762,381,381,209,2,'Soins palliatifs de support','7'),(763,382,382,0,1,'Radiothérapie externe','4'),(764,382,382,76,2,'Soins palliatifs de support','7'),(765,383,383,131,1,'Perfusion de membre isolé','2'),(766,383,383,137,2,'Radiologie Interventionelle','6'),(767,384,384,231,1,'Curiethérapie','5'),(768,384,384,258,2,'Chimio','3'),(769,385,385,23,1,'Radiologie Interventionelle','6'),(770,385,385,172,2,'Radiologie Interventionelle','6'),(771,386,386,22,1,'Radiologie Interventionelle','6'),(772,386,386,331,2,'Soins palliatifs de support','7'),(773,387,387,308,1,'Perfusion de membre isolé','2'),(774,387,387,98,2,'Soins palliatifs de support','7'),(775,388,388,250,1,'Curiethérapie','5'),(776,388,388,155,2,'Chimio','3'),(777,389,389,181,1,'Radiologie Interventionelle','6'),(778,389,389,327,2,'Curiethérapie','5'),(779,390,390,266,1,'Soins palliatifs de support','7'),(780,390,390,76,2,'Soins palliatifs de support','7'),(781,391,391,267,1,'Chimio','3'),(782,391,391,265,2,'Chirurgie','1'),(783,392,392,86,1,'Perfusion de membre isolé','2'),(784,392,392,182,2,'Radiothérapie externe','4'),(785,393,393,52,1,'Chimio','3'),(786,393,393,58,2,'Chimio','3'),(787,394,394,242,1,'Chirurgie','1'),(788,394,394,254,2,'Curiethérapie','5'),(789,395,395,193,1,'Curiethérapie','5'),(790,395,395,254,2,'Soins palliatifs de support','7'),(791,396,396,152,1,'Radiothérapie externe','4'),(792,396,396,262,2,'Chirurgie','1'),(793,397,397,185,1,'Soins palliatifs de support','7'),(794,397,397,213,2,'Radiologie Interventionelle','6');
/*!40000 ALTER TABLE `treatment` ENABLE KEYS */;
UNLOCK TABLES;

--
-- Table structure for table `tumor`
--

DROP TABLE IF EXISTS `tumor`;
/*!40101 SET @saved_cs_client     = @@character_set_client */;
/*!40101 SET character_set_client = utf8 */;
CREATE TABLE `tumor` (
  `id` int(11) NOT NULL,
  `patient` int(11) DEFAULT NULL,
  `name` varchar(32) COLLATE utf8mb4_unicode_ci DEFAULT NULL,
  PRIMARY KEY (`id`),
  UNIQUE KEY `id` (`id`)
) ENGINE=InnoDB DEFAULT CHARSET=utf8mb4 COLLATE=utf8mb4_unicode_ci;
/*!40101 SET character_set_client = @saved_cs_client */;

--
-- Dumping data for table `tumor`
--

LOCK TABLES `tumor` WRITE;
/*!40000 ALTER TABLE `tumor` DISABLE KEYS */;
INSERT INTO `tumor` VALUES (1,1,'Carcinom in Situ'),(2,2,'Adenocarcinom'),(3,3,'Carcinom in Situ'),(4,4,'Carcinom in Situ'),(5,5,'Adenocarcinom'),(6,6,'Carcinom in Situ'),(7,7,'Carcinom in Situ'),(8,8,'Carcinom in Situ'),(9,9,'Adenocarcinom'),(10,10,'Carcinom in Situ'),(11,11,'Carcinom in Situ'),(12,12,'Carcinom in Situ'),(13,13,'Adenocarcinom'),(14,14,'Carcinom in Situ'),(15,15,'Carcinom in Situ'),(16,16,'Carcinom in Situ'),(17,17,'Carcinom in Situ'),(18,18,'Adenocarcinom'),(19,19,'Carcinom in Situ'),(20,20,'Carcinom in Situ'),(21,21,'Adenocarcinom'),(22,22,'Carcinom in Situ'),(23,23,'Carcinom in Situ'),(24,24,'Carcinom in Situ'),(25,25,'Carcinom in Situ'),(26,26,'Adenocarcinom'),(27,27,'Carcinom in Situ'),(28,28,'Carcinom in Situ'),(29,29,'Adenocarcinom'),(30,30,'Carcinom in Situ'),(31,31,'Carcinom in Situ'),(32,32,'Carcinom in Situ'),(33,33,'Carcinom in Situ'),(34,34,'Adenocarcinom'),(35,35,'Carcinom in Situ'),(36,36,'Carcinom in Situ'),(37,37,'Adenocarcinom'),(38,38,'Carcinom in Situ'),(39,39,'Carcinom in Situ'),(40,40,'Carcinom in Situ'),(41,41,'Carcinom in Situ'),(42,42,'Adenocarcinom'),(43,43,'Carcinom in Situ'),(44,44,'Carcinom in Situ'),(45,45,'Carcinom in Situ'),(46,46,'Adenocarcinom'),(47,47,'Carcinom in Situ'),(48,48,'Carcinom in Situ'),(49,49,'Adenocarcinom'),(50,50,'Carcinom in Situ'),(51,51,'Carcinom in Situ'),(52,52,'Carcinom in Situ'),(53,53,'Adenocarcinom'),(54,54,'Carcinom in Situ'),(55,55,'Carcinom in Situ'),(56,56,'Carcinom in Situ'),(57,57,'Adenocarcinom'),(58,58,'Carcinom in Situ'),(59,59,'Carcinom in Situ'),(60,60,'Carcinom in Situ'),(61,61,'Carcinom in Situ'),(62,62,'Adenocarcinom'),(63,63,'Carcinom in Situ'),(64,64,'Carcinom in Situ'),(65,65,'Adenocarcinom'),(66,66,'Carcinom in Situ'),(67,67,'Carcinom in Situ'),(68,68,'Carcinom in Situ'),(69,69,'Adenocarcinom'),(70,70,'Carcinom in Situ'),(71,71,'Carcinom in Situ'),(72,72,'Carcinom in Situ'),(73,73,'Adenocarcinom'),(74,74,'Carcinom in Situ'),(75,75,'Carcinom in Situ'),(76,76,'Carcinom in Situ'),(77,77,'Carcinom in Situ'),(78,78,'Adenocarcinom'),(79,79,'Carcinom in Situ'),(80,80,'Carcinom in Situ'),(81,81,'Adenocarcinom'),(82,82,'Carcinom in Situ'),(83,83,'Carcinom in Situ'),(84,84,'Carcinom in Situ'),(85,85,'Adenocarcinom'),(86,86,'Carcinom in Situ'),(87,87,'Carcinom in Situ'),(88,88,'Carcinom in Situ'),(89,89,'Carcinom in Situ'),(90,90,'Adenocarcinom'),(91,91,'Carcinom in Situ'),(92,92,'Carcinom in Situ'),(93,93,'Carcinom in Situ'),(94,94,'Adenocarcinom'),(95,95,'Carcinom in Situ'),(96,96,'Carcinom in Situ'),(97,97,'Carcinom in Situ'),(98,98,'Adenocarcinom'),(99,99,'Carcinom in Situ'),(100,100,'Carcinom in Situ'),(101,101,'Carcinom in Situ'),(102,102,'Adenocarcinom'),(103,103,'Carcinom in Situ'),(104,104,'Carcinom in Situ'),(105,105,'Adenocarcinom'),(106,106,'Carcinom in Situ'),(107,107,'Carcinom in Situ'),(108,108,'Carcinom in Situ'),(109,109,'Carcinom in Situ'),(110,110,'Adenocarcinom'),(111,111,'Carcinom in Situ'),(112,112,'Carcinom in Situ'),(113,113,'Adenocarcinom'),(114,114,'Carcinom in Situ'),(115,115,'Carcinom in Situ'),(116,116,'Carcinom in Situ'),(117,117,'Carcinom in Situ'),(118,118,'Adenocarcinom'),(119,119,'Carcinom in Situ'),(120,120,'Carcinom in Situ'),(121,121,'Carcinom in Situ'),(122,122,'Adenocarcinom'),(123,123,'Carcinom in Situ'),(124,124,'Carcinom in Situ'),(125,125,'Carcinom in Situ'),(126,126,'Adenocarcinom'),(127,127,'Carcinom in Situ'),(128,128,'Carcinom in Situ'),(129,129,'Adenocarcinom'),(130,130,'Carcinom in Situ'),(131,131,'Carcinom in Situ'),(132,132,'Carcinom in Situ'),(133,133,'Adenocarcinom'),(134,134,'Carcinom in Situ'),(135,135,'Carcinom in Situ'),(136,136,'Carcinom in Situ'),(137,137,'Adenocarcinom'),(138,138,'Carcinom in Situ'),(139,139,'Carcinom in Situ'),(140,140,'Carcinom in Situ'),(141,141,'Carcinom in Situ'),(142,142,'Adenocarcinom'),(143,143,'Carcinom in Situ'),(144,144,'Carcinom in Situ'),(145,145,'Adenocarcinom'),(146,146,'Carcinom in Situ'),(147,147,'Carcinom in Situ'),(148,148,'Carcinom in Situ'),(149,149,'Adenocarcinom'),(150,150,'Carcinom in Situ'),(151,151,'Carcinom in Situ'),(152,152,'Carcinom in Situ'),(153,153,'Carcinom in Situ'),(154,154,'Adenocarcinom'),(155,155,'Carcinom in Situ'),(156,156,'Carcinom in Situ'),(157,157,'Carcinom in Situ'),(158,158,'Adenocarcinom'),(159,159,'Carcinom in Situ'),(160,160,'Carcinom in Situ'),(161,161,'Adenocarcinom'),(162,162,'Carcinom in Situ'),(163,163,'Carcinom in Situ'),(164,164,'Carcinom in Situ'),(165,165,'Carcinom in Situ'),(166,166,'Adenocarcinom'),(167,167,'Carcinom in Situ'),(168,168,'Carcinom in Situ'),(169,169,'Carcinom in Situ'),(170,170,'Adenocarcinom'),(171,171,'Carcinom in Situ'),(172,172,'Carcinom in Situ'),(173,173,'Carcinom in Situ'),(174,174,'Adenocarcinom'),(175,175,'Carcinom in Situ'),(176,176,'Carcinom in Situ'),(177,177,'Carcinom in Situ'),(178,178,'Adenocarcinom'),(179,179,'Carcinom in Situ'),(180,180,'Carcinom in Situ'),(181,181,'Adenocarcinom'),(182,182,'Carcinom in Situ'),(183,183,'Carcinom in Situ'),(184,184,'Carcinom in Situ'),(185,185,'Carcinom in Situ'),(186,186,'Adenocarcinom'),(187,187,'Carcinom in Situ'),(188,188,'Carcinom in Situ'),(189,189,'Carcinom in Situ'),(190,190,'Adenocarcinom'),(191,191,'Carcinom in Situ'),(192,192,'Carcinom in Situ'),(193,193,'Carcinom in Situ'),(194,194,'Adenocarcinom'),(195,195,'Carcinom in Situ'),(196,196,'Carcinom in Situ'),(197,197,'Adenocarcinom'),(198,198,'Carcinom in Situ'),(199,199,'Carcinom in Situ'),(200,200,'Carcinom in Situ'),(201,201,'Carcinom in Situ'),(202,202,'Adenocarcinom'),(203,203,'Carcinom in Situ'),(204,204,'Carcinom in Situ'),(205,205,'Carcinom in Situ'),(206,206,'Adenocarcinom'),(207,207,'Carcinom in Situ'),(208,208,'Carcinom in Situ'),(209,209,'Carcinom in Situ'),(210,210,'Adenocarcinom'),(211,211,'Carcinom in Situ'),(212,212,'Carcinom in Situ'),(213,213,'Carcinom in Situ'),(214,214,'Adenocarcinom'),(215,215,'Carcinom in Situ'),(216,216,'Carcinom in Situ'),(217,217,'Carcinom in Situ'),(218,218,'Adenocarcinom'),(219,219,'Carcinom in Situ'),(220,220,'Carcinom in Situ'),(221,221,'Adenocarcinom'),(222,222,'Carcinom in Situ'),(223,223,'Carcinom in Situ'),(224,224,'Carcinom in Situ'),(225,225,'Carcinom in Situ'),(226,226,'Adenocarcinom'),(227,227,'Carcinom in Situ'),(228,228,'Carcinom in Situ'),(229,229,'Adenocarcinom'),(230,230,'Carcinom in Situ'),(231,231,'Carcinom in Situ'),(232,232,'Carcinom in Situ'),(233,233,'Carcinom in Situ'),(234,234,'Adenocarcinom'),(235,235,'Carcinom in Situ'),(236,236,'Carcinom in Situ'),(237,237,'Carcinom in Situ'),(238,238,'Adenocarcinom'),(239,239,'Carcinom in Situ'),(240,240,'Carcinom in Situ'),(241,241,'Adenocarcinom'),(242,242,'Carcinom in Situ'),(243,243,'Carcinom in Situ'),(244,244,'Carcinom in Situ'),(245,245,'Carcinom in Situ'),(246,246,'Adenocarcinom'),(247,247,'Carcinom in Situ'),(248,248,'Carcinom in Situ'),(249,249,'Adenocarcinom'),(250,250,'Carcinom in Situ'),(251,251,'Carcinom in Situ'),(252,252,'Carcinom in Situ'),(253,253,'Carcinom in Situ'),(254,254,'Adenocarcinom'),(255,255,'Carcinom in Situ'),(256,256,'Carcinom in Situ'),(257,257,'Adenocarcinom'),(258,258,'Carcinom in Situ'),(259,259,'Carcinom in Situ'),(260,260,'Carcinom in Situ'),(261,261,'Carcinom in Situ'),(262,262,'Adenocarcinom'),(263,263,'Carcinom in Situ'),(264,264,'Carcinom in Situ'),(265,265,'Adenocarcinom'),(266,266,'Carcinom in Situ'),(267,267,'Carcinom in Situ'),(268,268,'Carcinom in Situ'),(269,269,'Carcinom in Situ'),(270,270,'Adenocarcinom'),(271,271,'Carcinom in Situ'),(272,272,'Carcinom in Situ'),(273,273,'Adenocarcinom'),(274,274,'Carcinom in Situ'),(275,275,'Carcinom in Situ'),(276,276,'Carcinom in Situ'),(277,277,'Adenocarcinom'),(278,278,'Carcinom in Situ'),(279,279,'Carcinom in Situ'),(280,280,'Carcinom in Situ'),(281,281,'Carcinom in Situ'),(282,282,'Adenocarcinom'),(283,283,'Carcinom in Situ'),(284,284,'Carcinom in Situ'),(285,285,'Adenocarcinom'),(286,286,'Carcinom in Situ'),(287,287,'Carcinom in Situ'),(288,288,'Carcinom in Situ'),(289,289,'Adenocarcinom'),(290,290,'Carcinom in Situ'),(291,291,'Carcinom in Situ'),(292,292,'Carcinom in Situ'),(293,293,'Adenocarcinom'),(294,294,'Carcinom in Situ'),(295,295,'Carcinom in Situ'),(296,296,'Carcinom in Situ'),(297,297,'Adenocarcinom'),(298,298,'Carcinom in Situ'),(299,299,'Carcinom in Situ'),(300,300,'Carcinom in Situ'),(301,301,'Carcinom in Situ'),(302,302,'Adenocarcinom'),(303,303,'Carcinom in Situ'),(304,304,'Carcinom in Situ'),(305,305,'Carcinom in Situ'),(306,306,'Adenocarcinom'),(307,307,'Carcinom in Situ'),(308,308,'Carcinom in Situ'),(309,309,'Adenocarcinom'),(310,310,'Carcinom in Situ'),(311,311,'Carcinom in Situ'),(312,312,'Carcinom in Situ'),(313,313,'Adenocarcinom'),(314,314,'Carcinom in Situ'),(315,315,'Carcinom in Situ'),(316,316,'Carcinom in Situ'),(317,317,'Carcinom in Situ'),(318,318,'Adenocarcinom'),(319,319,'Carcinom in Situ'),(320,320,'Carcinom in Situ'),(321,321,'Adenocarcinom'),(322,322,'Carcinom in Situ'),(323,323,'Carcinom in Situ'),(324,324,'Carcinom in Situ'),(325,325,'Adenocarcinom'),(326,326,'Carcinom in Situ'),(327,327,'Carcinom in Situ'),(328,328,'Carcinom in Situ'),(329,329,'Carcinom in Situ'),(330,330,'Adenocarcinom'),(331,331,'Carcinom in Situ'),(332,332,'Carcinom in Situ'),(333,333,'Adenocarcinom'),(334,334,'Carcinom in Situ'),(335,335,'Carcinom in Situ'),(336,336,'Carcinom in Situ'),(337,337,'Carcinom in Situ'),(338,338,'Adenocarcinom'),(339,339,'Carcinom in Situ'),(340,340,'Carcinom in Situ'),(341,341,'Carcinom in Situ'),(342,342,'Adenocarcinom'),(343,343,'Carcinom in Situ'),(344,344,'Carcinom in Situ'),(345,345,'Carcinom in Situ'),(346,346,'Adenocarcinom'),(347,347,'Carcinom in Situ'),(348,348,'Carcinom in Situ'),(349,349,'Carcinom in Situ'),(350,350,'Adenocarcinom'),(351,351,'Carcinom in Situ'),(352,352,'Carcinom in Situ'),(353,353,'Carcinom in Situ'),(354,354,'Adenocarcinom'),(355,355,'Carcinom in Situ'),(356,356,'Carcinom in Situ'),(357,357,'Carcinom in Situ'),(358,358,'Adenocarcinom'),(359,359,'Carcinom in Situ'),(360,360,'Carcinom in Situ'),(361,361,'Carcinom in Situ'),(362,362,'Adenocarcinom'),(363,363,'Carcinom in Situ'),(364,364,'Carcinom in Situ'),(365,365,'Adenocarcinom'),(366,366,'Carcinom in Situ'),(367,367,'Carcinom in Situ'),(368,368,'Carcinom in Situ'),(369,369,'Carcinom in Situ'),(370,370,'Adenocarcinom'),(371,371,'Carcinom in Situ'),(372,372,'Carcinom in Situ'),(373,373,'Carcinom in Situ'),(374,374,'Adenocarcinom'),(375,375,'Carcinom in Situ'),(376,376,'Carcinom in Situ'),(377,377,'Adenocarcinom'),(378,378,'Carcinom in Situ'),(379,379,'Carcinom in Situ'),(380,380,'Carcinom in Situ'),(381,381,'Adenocarcinom'),(382,382,'Carcinom in Situ'),(383,383,'Carcinom in Situ'),(384,384,'Carcinom in Situ'),(385,385,'Adenocarcinom'),(386,386,'Carcinom in Situ'),(387,387,'Carcinom in Situ'),(388,388,'Carcinom in Situ'),(389,389,'Carcinom in Situ'),(390,390,'Adenocarcinom'),(391,391,'Carcinom in Situ'),(392,392,'Carcinom in Situ'),(393,393,'Adenocarcinom'),(394,394,'Carcinom in Situ'),(395,395,'Carcinom in Situ'),(396,396,'Carcinom in Situ'),(397,397,'Adenocarcinom');
/*!40000 ALTER TABLE `tumor` ENABLE KEYS */;
UNLOCK TABLES;

--
-- Table structure for table `vannuysindex`
--

DROP TABLE IF EXISTS `vannuysindex`;
/*!40101 SET @saved_cs_client     = @@character_set_client */;
/*!40101 SET character_set_client = utf8 */;
CREATE TABLE `vannuysindex` (
  `id` int(11) NOT NULL,
  `tumor` int(11) DEFAULT NULL,
  `patient` int(11) DEFAULT NULL,
  `surgeryreport` varchar(200) COLLATE utf8mb4_unicode_ci DEFAULT NULL,
  `grading` int(11) DEFAULT NULL,
  `resectionmargin` int(11) DEFAULT NULL,
  `tumorsize` int(11) DEFAULT NULL,
  PRIMARY KEY (`id`),
  UNIQUE KEY `id` (`id`)
) ENGINE=InnoDB DEFAULT CHARSET=utf8mb4 COLLATE=utf8mb4_unicode_ci;
/*!40101 SET character_set_client = @saved_cs_client */;

--
-- Dumping data for table `vannuysindex`
--

LOCK TABLES `vannuysindex` WRITE;
/*!40000 ALTER TABLE `vannuysindex` DISABLE KEYS */;
INSERT INTO `vannuysindex` VALUES (0,0,0,'',0,0,0),(1,1,1,'',3,1,1),(3,3,3,'Chirurgischer Bericht 3',2,1,3),(4,4,4,'Chirurgischer Bericht 1',3,1,2),(6,6,6,'',1,1,3),(7,7,7,'Chirurgischer Bericht 3',3,1,2),(8,8,8,'',2,2,1),(10,10,10,'Chirurgischer Bericht 2',2,2,2),(11,11,11,'',2,1,1),(12,12,12,'Chirurgischer Bericht 1',3,1,2),(14,14,14,'',2,2,1),(15,15,15,'',1,3,3),(16,16,16,'',1,2,1),(17,17,17,'',3,2,2),(19,19,19,'Chirurgischer Bericht 3',1,2,2),(20,20,20,'',1,2,1),(22,22,22,'',2,3,2),(23,23,23,'Chirurgischer Bericht 3',1,3,1),(24,24,24,'',1,2,3),(25,25,25,'Chirurgischer Bericht 2',3,2,3),(27,27,27,'',2,3,3),(28,28,28,'Chirurgischer Bericht 3',1,3,2),(30,30,30,'',1,3,3),(31,31,31,'',3,2,3),(32,32,32,'',3,1,2),(33,33,33,'',1,3,3),(35,35,35,'Chirurgischer Bericht 1',3,1,1),(36,36,36,'Chirurgischer Bericht 2',3,3,1),(38,38,38,'Chirurgischer Bericht 1',2,1,1),(39,39,39,'',3,1,2),(40,40,40,'',1,3,3),(41,41,41,'',3,3,3),(43,43,43,'',2,1,3),(44,44,44,'',2,2,2),(45,45,45,'',2,3,3),(47,47,47,'',1,1,1),(48,48,48,'Chirurgischer Bericht 3',1,3,3),(50,50,50,'Chirurgischer Bericht 2',3,1,1),(51,51,51,'Chirurgischer Bericht 1',3,2,3),(52,52,52,'Chirurgischer Bericht 2',2,3,2),(54,54,54,'',1,1,1),(55,55,55,'',3,3,3),(56,56,56,'',1,2,2),(58,58,58,'Chirurgischer Bericht 1',1,2,3),(59,59,59,'Chirurgischer Bericht 2',3,3,3),(60,60,60,'',3,2,1),(61,61,61,'',2,1,1),(63,63,63,'',3,2,3),(64,64,64,'',1,2,3),(66,66,66,'',1,3,3),(67,67,67,'',3,1,1),(68,68,68,'',1,1,2),(70,70,70,'',2,1,2),(71,71,71,'Chirurgischer Bericht 2',2,2,1),(72,72,72,'',2,1,3),(74,74,74,'Chirurgischer Bericht 3',2,3,2),(75,75,75,'',1,1,2),(76,76,76,'Chirurgischer Bericht 1',2,1,2),(77,77,77,'',1,3,2),(79,79,79,'Chirurgischer Bericht 2',3,1,2),(80,80,80,'',3,2,2),(82,82,82,'Chirurgischer Bericht 3',2,1,3),(83,83,83,'Chirurgischer Bericht 2',2,1,3),(84,84,84,'',1,2,2),(86,86,86,'Chirurgischer Bericht 2',1,3,1),(87,87,87,'Chirurgischer Bericht 1',3,2,3),(88,88,88,'',2,1,1),(89,89,89,'',3,2,3),(91,91,91,'Chirurgischer Bericht 2',3,1,2),(92,92,92,'Chirurgischer Bericht 2',1,1,3),(93,93,93,'Chirurgischer Bericht 1',1,3,2),(95,95,95,'',3,3,2),(96,96,96,'',3,1,3),(97,97,97,'Chirurgischer Bericht 2',3,1,2),(99,99,99,'Chirurgischer Bericht 3',2,2,3),(100,100,100,'',3,3,3),(101,101,101,'Chirurgischer Bericht 1',1,3,1),(103,103,103,'',1,1,3),(104,104,104,'Chirurgischer Bericht 3',3,2,2),(106,106,106,'',3,1,3),(107,107,107,'',3,1,2),(108,108,108,'',1,1,2),(109,109,109,'',1,1,2),(111,111,111,'',2,2,1),(112,112,112,'',3,3,3),(114,114,114,'',2,3,3),(115,115,115,'Chirurgischer Bericht 2',2,2,3),(116,116,116,'',2,3,1),(117,117,117,'',1,3,1),(119,119,119,'',1,3,3),(120,120,120,'',3,2,1),(121,121,121,'',1,1,1),(123,123,123,'Chirurgischer Bericht 3',3,2,2),(124,124,124,'Chirurgischer Bericht 3',3,1,3),(125,125,125,'Chirurgischer Bericht 2',2,3,1),(127,127,127,'',2,3,3),(128,128,128,'Chirurgischer Bericht 3',3,2,2),(130,130,130,'Chirurgischer Bericht 3',2,3,3),(131,131,131,'',3,1,3),(132,132,132,'',3,1,1),(134,134,134,'',1,1,1),(135,135,135,'',3,1,2),(136,136,136,'',1,3,3),(138,138,138,'Chirurgischer Bericht 1',3,2,2),(139,139,139,'',1,1,1),(140,140,140,'Chirurgischer Bericht 3',1,2,1),(141,141,141,'',3,2,2),(143,143,143,'Chirurgischer Bericht 2',2,2,3),(144,144,144,'',3,3,1),(146,146,146,'',2,3,1),(147,147,147,'',3,1,1),(148,148,148,'',1,1,3),(150,150,150,'Chirurgischer Bericht 2',3,1,3),(151,151,151,'Chirurgischer Bericht 3',3,2,1),(152,152,152,'',3,3,3),(153,153,153,'',2,2,1),(155,155,155,'Chirurgischer Bericht 3',3,3,1),(156,156,156,'',3,3,1),(157,157,157,'',1,2,3),(159,159,159,'Chirurgischer Bericht 1',3,2,1),(160,160,160,'',2,3,2),(162,162,162,'Chirurgischer Bericht 1',2,2,2),(163,163,163,'',1,3,2),(164,164,164,'',2,1,3),(165,165,165,'',2,2,1),(167,167,167,'',1,3,3),(168,168,168,'Chirurgischer Bericht 2',2,2,3),(169,169,169,'',1,1,3),(171,171,171,'',1,1,2),(172,172,172,'Chirurgischer Bericht 1',1,1,3),(173,173,173,'Chirurgischer Bericht 2',1,2,2),(175,175,175,'',2,3,2),(176,176,176,'',3,2,1),(177,177,177,'',3,2,3),(179,179,179,'Chirurgischer Bericht 3',1,1,2),(180,180,180,'',3,2,1),(182,182,182,'Chirurgischer Bericht 1',2,2,1),(183,183,183,'Chirurgischer Bericht 3',3,1,3),(184,184,184,'',1,3,3),(185,185,185,'',1,2,2),(187,187,187,'Chirurgischer Bericht 3',2,1,1),(188,188,188,'',3,1,1),(189,189,189,'',2,3,2),(191,191,191,'',3,3,1),(192,192,192,'',3,3,3),(193,193,193,'Chirurgischer Bericht 2',1,1,3),(195,195,195,'',2,1,3),(196,196,196,'',1,2,3),(198,198,198,'',2,1,1),(199,199,199,'',3,2,2),(200,200,200,'',3,3,1),(201,201,201,'',1,2,1),(203,203,203,'',3,1,1),(204,204,204,'',2,1,3),(205,205,205,'',1,1,1),(207,207,207,'',2,3,2),(208,208,208,'',2,1,2),(209,209,209,'Chirurgischer Bericht 2',3,2,2),(211,211,211,'',3,3,2),(212,212,212,'',3,2,2),(213,213,213,'',2,1,1),(215,215,215,'',3,1,1),(216,216,216,'',1,3,1),(217,217,217,'',2,1,3),(219,219,219,'',3,2,2),(220,220,220,'',1,2,2),(222,222,222,'Chirurgischer Bericht 2',1,1,2),(223,223,223,'',1,3,3),(224,224,224,'',3,1,3),(225,225,225,'',1,3,3),(227,227,227,'Chirurgischer Bericht 2',1,1,1),(228,228,228,'Chirurgischer Bericht 3',3,1,2),(230,230,230,'',3,2,3),(231,231,231,'',1,3,2),(232,232,232,'',3,1,1),(233,233,233,'Chirurgischer Bericht 3',1,2,1),(235,235,235,'Chirurgischer Bericht 2',2,2,2),(236,236,236,'',1,3,1),(237,237,237,'Chirurgischer Bericht 2',2,3,2),(239,239,239,'',2,1,3),(240,240,240,'Chirurgischer Bericht 2',3,1,1),(242,242,242,'',2,3,3),(243,243,243,'',2,2,2),(244,244,244,'',3,1,1),(245,245,245,'Chirurgischer Bericht 2',1,1,1),(247,247,247,'',1,3,2),(248,248,248,'',1,2,2),(250,250,250,'',3,1,2),(251,251,251,'Chirurgischer Bericht 1',3,1,2),(252,252,252,'Chirurgischer Bericht 3',1,3,1),(253,253,253,'',3,1,2),(255,255,255,'Chirurgischer Bericht 1',1,1,3),(256,256,256,'',3,1,1),(258,258,258,'Chirurgischer Bericht 1',2,1,1),(259,259,259,'',1,3,3),(260,260,260,'',1,1,2),(261,261,261,'Chirurgischer Bericht 1',2,1,3),(263,263,263,'',1,1,2),(264,264,264,'',3,3,1),(266,266,266,'',2,1,2),(267,267,267,'Chirurgischer Bericht 3',3,1,3),(268,268,268,'',1,3,1),(269,269,269,'',1,1,2),(271,271,271,'',3,2,2),(272,272,272,'',3,1,2),(274,274,274,'',2,3,2),(275,275,275,'',3,2,3),(276,276,276,'',3,2,2),(278,278,278,'Chirurgischer Bericht 3',2,1,2),(279,279,279,'',3,2,2),(280,280,280,'Chirurgischer Bericht 3',1,3,3),(281,281,281,'',2,3,2),(283,283,283,'Chirurgischer Bericht 2',2,2,2),(284,284,284,'Chirurgischer Bericht 2',3,1,1),(286,286,286,'',2,1,2),(287,287,287,'',1,1,3),(288,288,288,'',1,1,2),(290,290,290,'',2,1,2),(291,291,291,'Chirurgischer Bericht 1',2,2,2),(292,292,292,'Chirurgischer Bericht 3',2,2,3),(294,294,294,'Chirurgischer Bericht 3',1,2,3),(295,295,295,'',2,3,2),(296,296,296,'Chirurgischer Bericht 1',1,2,2),(298,298,298,'',2,1,1),(299,299,299,'Chirurgischer Bericht 3',1,2,1),(300,300,300,'',3,3,2),(301,301,301,'',2,3,2),(303,303,303,'',1,1,2),(304,304,304,'Chirurgischer Bericht 1',2,3,2),(305,305,305,'',3,3,1),(307,307,307,'',1,1,2),(308,308,308,'Chirurgischer Bericht 3',3,1,3),(310,310,310,'',3,3,3),(311,311,311,'Chirurgischer Bericht 1',1,2,2),(312,312,312,'',3,1,3),(314,314,314,'',1,1,2),(315,315,315,'',2,2,2),(316,316,316,'',2,2,3),(317,317,317,'',3,1,1),(319,319,319,'',2,3,1),(320,320,320,'',3,1,1),(322,322,322,'Chirurgischer Bericht 3',2,3,3),(323,323,323,'',3,1,2),(324,324,324,'Chirurgischer Bericht 1',3,1,3),(326,326,326,'Chirurgischer Bericht 3',2,2,1),(327,327,327,'',1,2,3),(328,328,328,'Chirurgischer Bericht 3',2,1,2),(329,329,329,'',3,1,3),(331,331,331,'Chirurgischer Bericht 3',3,1,3),(332,332,332,'Chirurgischer Bericht 2',3,2,3),(334,334,334,'',2,1,3),(335,335,335,'',1,1,1),(336,336,336,'',1,1,2),(337,337,337,'',2,2,2),(339,339,339,'',2,3,1),(340,340,340,'Chirurgischer Bericht 2',2,3,1),(341,341,341,'Chirurgischer Bericht 1',2,1,1),(343,343,343,'',3,3,3),(344,344,344,'',2,2,1),(345,345,345,'',2,3,1),(347,347,347,'Chirurgischer Bericht 1',2,3,3),(348,348,348,'Chirurgischer Bericht 1',2,1,2),(349,349,349,'',2,1,1),(351,351,351,'Chirurgischer Bericht 3',2,2,3),(352,352,352,'Chirurgischer Bericht 1',1,3,3),(353,353,353,'',1,3,2),(355,355,355,'Chirurgischer Bericht 1',3,1,1),(356,356,356,'',1,2,1),(357,357,357,'',2,3,1),(359,359,359,'',2,3,1),(360,360,360,'Chirurgischer Bericht 3',3,3,3),(361,361,361,'',2,3,1),(363,363,363,'',1,1,1),(364,364,364,'Chirurgischer Bericht 3',2,2,2),(366,366,366,'Chirurgischer Bericht 1',2,2,1),(367,367,367,'',1,1,3),(368,368,368,'',3,2,3),(369,369,369,'',3,1,1),(371,371,371,'Chirurgischer Bericht 1',2,2,3),(372,372,372,'',1,2,3),(373,373,373,'',1,1,2),(375,375,375,'Chirurgischer Bericht 3',1,1,1),(376,376,376,'',2,1,2),(378,378,378,'',1,1,1),(379,379,379,'Chirurgischer Bericht 2',3,1,1),(380,380,380,'Chirurgischer Bericht 3',3,1,1),(382,382,382,'Chirurgischer Bericht 2',3,1,3),(383,383,383,'',1,3,1),(384,384,384,'',2,2,3),(386,386,386,'Chirurgischer Bericht 1',1,2,1),(387,387,387,'Chirurgischer Bericht 2',3,2,3),(388,388,388,'',2,1,3),(389,389,389,'',3,3,3),(391,391,391,'Chirurgischer Bericht 2',1,2,1),(392,392,392,'Chirurgischer Bericht 1',2,2,1),(394,394,394,'',2,1,3),(395,395,395,'',1,1,2),(396,396,396,'',1,2,2);
/*!40000 ALTER TABLE `vannuysindex` ENABLE KEYS */;
UNLOCK TABLES;
/*!40103 SET TIME_ZONE=@OLD_TIME_ZONE */;

/*!40101 SET SQL_MODE=@OLD_SQL_MODE */;
/*!40014 SET FOREIGN_KEY_CHECKS=@OLD_FOREIGN_KEY_CHECKS */;
/*!40014 SET UNIQUE_CHECKS=@OLD_UNIQUE_CHECKS */;
/*!40101 SET CHARACTER_SET_CLIENT=@OLD_CHARACTER_SET_CLIENT */;
/*!40101 SET CHARACTER_SET_RESULTS=@OLD_CHARACTER_SET_RESULTS */;
/*!40101 SET COLLATION_CONNECTION=@OLD_COLLATION_CONNECTION */;
/*!40111 SET SQL_NOTES=@OLD_SQL_NOTES */;

-- Dump completed on 2018-03-28 23:33:16
